t,path0_X,mean_num,var_num,analytic_mean,analytic_var,rel_err_mean
  0.0000,  1.0000000000E+00,  1.0000000000E+00,  0.0000000000E+00,  1.0000000000E+00,  0.0000000000E+00,  0.0000000000E+00
  0.0020,  9.9314402164E-01,  9.9973373536E-01,  7.7015215133E-05,  1.0002000200E+00,  8.0035207767E-05,  4.6619138879E-04
  0.0040,  9.9906937132E-01,  1.0000191271E+00,  1.6700645476E-04,  1.0004000800E+00,  1.6014086214E-04,  3.8080057361E-04
  0.0060,  9.9889864906E-01,  1.0006715143E+00,  2.6795457934E-04,  1.0006001800E+00,  2.4031700976E-04,  7.1291502269E-05
  0.0080,  9.9677022449E-01,  1.0010324660E+00,  3.6336764943E-04,  1.0008003201E+00,  3.2056369727E-04,  2.3196025365E-04
  0.0100,  1.0040580540E+00,  1.0012926904E+00,  4.2617553527E-04,  1.0010005002E+00,  4.0088097138E-04,  2.9189815773E-04
  0.0120,  1.0003908005E+00,  1.0017876716E+00,  5.1307057085E-04,  1.0012007203E+00,  4.8126887880E-04,  5.8624736733E-04
  0.0140,  9.9660058034E-01,  1.0023736386E+00,  6.0118265064E-04,  1.0014009805E+00,  5.6172746626E-04,  9.7129738484E-04
  0.0160,  9.9782675997E-01,  1.0026403571E+00,  7.2154257022E-04,  1.0016012807E+00,  6.4225678055E-04,  1.0374152521E-03
  0.0180,  9.8730925881E-01,  1.0030006297E+00,  8.0845800806E-04,  1.0018016210E+00,  7.2285686845E-04,  1.1968524261E-03
  0.0200,  9.9416370865E-01,  1.0035461640E+00,  8.8110839070E-04,  1.0020020013E+00,  8.0352777680E-04,  1.5410774637E-03
  0.0220,  9.8591703972E-01,  1.0043968952E+00,  9.3411805391E-04,  1.0022024218E+00,  8.8426955245E-04,  2.1896509015E-03
  0.0240,  9.8974039490E-01,  1.0039629653E+00,  1.0202127491E-03,  1.0024028823E+00,  9.6508224227E-04,  1.5563432921E-03
  0.0260,  9.9932307412E-01,  1.0039469390E+00,  1.0954206394E-03,  1.0026033829E+00,  1.0459658932E-03,  1.3400674014E-03
  0.0280,  9.9397437354E-01,  1.0040310829E+00,  1.1969419232E-03,  1.0028039237E+00,  1.1269205521E-03,  1.2237280345E-03
  0.0300,  1.0098200602E+00,  1.0040444916E+00,  1.2918696124E-03,  1.0030045045E+00,  1.2079462661E-03,  1.0368717699E-03
  0.0320,  1.0069545928E+00,  1.0040097157E+00,  1.3988301716E-03,  1.0032051255E+00,  1.2890430820E-03,  8.0201962279E-04
  0.0340,  9.9966808419E-01,  1.0047502095E+00,  1.4894969058E-03,  1.0034057866E+00,  1.3702110469E-03,  1.3398596415E-03
  0.0360,  9.8076657812E-01,  1.0047722665E+00,  1.5405943803E-03,  1.0036064878E+00,  1.4514502079E-03,  1.1615894821E-03
  0.0380,  9.6099566093E-01,  1.0054443015E+00,  1.6226126575E-03,  1.0038072292E+00,  1.5327606120E-03,  1.6308632271E-03
  0.0400,  9.6037529275E-01,  1.0053911764E+00,  1.6490923331E-03,  1.0040080107E+00,  1.6141423063E-03,  1.3776440980E-03
  0.0420,  9.6795692866E-01,  1.0057208419E+00,  1.7151096063E-03,  1.0042088324E+00,  1.6955953380E-03,  1.5056724260E-03
  0.0440,  9.7079993738E-01,  1.0057645191E+00,  1.8090704699E-03,  1.0044096942E+00,  1.7771197542E-03,  1.3488767978E-03
  0.0460,  9.7528345424E-01,  1.0060403605E+00,  1.9118959133E-03,  1.0046105962E+00,  1.8587156021E-03,  1.4232024920E-03
  0.0480,  9.7921635041E-01,  1.0061821593E+00,  2.0521144051E-03,  1.0048115385E+00,  1.9403829289E-03,  1.3640575899E-03
  0.0500,  9.6743324809E-01,  1.0062577013E+00,  2.1517688261E-03,  1.0050125209E+00,  2.0221217819E-03,  1.2389700278E-03
  0.0520,  9.6881645450E-01,  1.0065336532E+00,  2.2684162058E-03,  1.0052135435E+00,  2.1039322083E-03,  1.3132629383E-03
  0.0540,  9.8008792722E-01,  1.0065026030E+00,  2.3369725156E-03,  1.0054146063E+00,  2.1858142555E-03,  1.0821373997E-03
  0.0560,  9.8885428047E-01,  1.0064234467E+00,  2.4861149535E-03,  1.0056157093E+00,  2.2677679707E-03,  8.0322674748E-04
  0.0580,  9.9550566848E-01,  1.0068537531E+00,  2.5696853472E-03,  1.0058168526E+00,  2.3497934013E-03,  1.0309039595E-03
  0.0600,  1.0061950908E+00,  1.0067645745E+00,  2.6148522823E-03,  1.0060180361E+00,  2.4318905947E-03,  7.4207263355E-04
  0.0620,  1.0053618111E+00,  1.0070295551E+00,  2.6855655433E-03,  1.0062192598E+00,  2.5140595983E-03,  8.0528704234E-04
  0.0640,  1.0158482753E+00,  1.0066943716E+00,  2.7532063253E-03,  1.0064205238E+00,  2.5963004595E-03,  2.7210082337E-04
  0.0660,  1.0189789830E+00,  1.0064950337E+00,  2.8565596453E-03,  1.0066218280E+00,  2.6786132259E-03,  1.2596016445E-04
  0.0680,  1.0080196937E+00,  1.0066257864E+00,  2.9323258003E-03,  1.0068231725E+00,  2.7609979448E-03,  1.9604841822E-04
  0.0700,  1.0128149847E+00,  1.0067588912E+00,  3.0533410998E-03,  1.0070245573E+00,  2.8434546638E-03,  2.6381294553E-04
  0.0720,  1.0178576163E+00,  1.0063165021E+00,  3.0909791575E-03,  1.0072259823E+00,  2.9259834305E-03,  9.0295546359E-04
  0.0740,  1.0223020585E+00,  1.0062917979E+00,  3.1493442240E-03,  1.0074274477E+00,  3.0085842925E-03,  1.1272769676E-03
  0.0760,  1.0085650540E+00,  1.0057586401E+00,  3.1893277325E-03,  1.0076289533E+00,  3.0912572973E-03,  1.8561527100E-03
  0.0780,  1.0103912251E+00,  1.0054853454E+00,  3.2795803251E-03,  1.0078304992E+00,  3.1740024926E-03,  2.3269327626E-03
  0.0800,  1.0171573239E+00,  1.0054635118E+00,  3.3544939317E-03,  1.0080320855E+00,  3.2568199260E-03,  2.5481070465E-03
  0.0820,  1.0232560443E+00,  1.0049139712E+00,  3.3930427324E-03,  1.0082337121E+00,  3.3397096453E-03,  3.2926303582E-03
  0.0840,  1.0257422524E+00,  1.0045949983E+00,  3.4308250290E-03,  1.0084353790E+00,  3.4226716981E-03,  3.8082566464E-03
  0.0860,  1.0099044406E+00,  1.0046144980E+00,  3.4687552019E-03,  1.0086370862E+00,  3.5057061322E-03,  3.9881422721E-03
  0.0880,  1.0110940816E+00,  1.0044778703E+00,  3.5855258356E-03,  1.0088388338E+00,  3.5888129954E-03,  4.3227554179E-03
  0.0900,  9.9987680435E-01,  1.0046486707E+00,  3.7112023944E-03,  1.0090406218E+00,  3.6719923355E-03,  4.3526009015E-03
  0.0920,  1.0055869578E+00,  1.0045770558E+00,  3.8482429599E-03,  1.0092424501E+00,  3.7552442002E-03,  4.6226695307E-03
  0.0940,  9.9164695053E-01,  1.0046180065E+00,  3.8809415773E-03,  1.0094443188E+00,  3.8385686375E-03,  4.7811574363E-03
  0.0960,  9.8741376607E-01,  1.0046887782E+00,  3.9085427249E-03,  1.0096462278E+00,  3.9219656953E-03,  4.9100858091E-03
  0.0980,  9.7594630101E-01,  1.0046386004E+00,  4.0225278143E-03,  1.0098481773E+00,  4.0054354214E-03,  5.1587723606E-03
  0.1000,  9.7088596549E-01,  1.0045046161E+00,  4.1619029876E-03,  1.0100501671E+00,  4.0889778639E-03,  5.4903718153E-03
  0.1020,  9.8283526092E-01,  1.0044190303E+00,  4.2472666344E-03,  1.0102521973E+00,  4.1725930706E-03,  5.7739711147E-03
  0.1040,  9.8041166204E-01,  1.0043721039E+00,  4.3594637614E-03,  1.0104542680E+00,  4.2562810896E-03,  6.0192373407E-03
  0.1060,  9.8444086423E-01,  1.0046551423E+00,  4.4575230675E-03,  1.0106563790E+00,  4.3400419689E-03,  5.9379595401E-03
  0.1080,  9.7761628400E-01,  1.0037557945E+00,  4.5241811014E-03,  1.0108585305E+00,  4.4238757565E-03,  7.0264391970E-03
  0.1100,  9.8612466315E-01,  1.0033191268E+00,  4.5654278272E-03,  1.0110607224E+00,  4.5077825006E-03,  7.6569047521E-03
  0.1120,  9.8463696554E-01,  1.0032917568E+00,  4.6236288412E-03,  1.0112629548E+00,  4.5917622493E-03,  7.8824187083E-03
  0.1140,  9.7729367298E-01,  1.0028783577E+00,  4.7020142143E-03,  1.0114652276E+00,  4.6758150506E-03,  8.4895354730E-03
  0.1160,  9.6957488062E-01,  1.0031230598E+00,  4.8415381935E-03,  1.0116675409E+00,  4.7599409529E-03,  8.4459377964E-03
  0.1180,  9.7518045186E-01,  1.0037463410E+00,  4.8677862204E-03,  1.0118698946E+00,  4.8441400041E-03,  8.0282590191E-03
  0.1200,  9.6901453351E-01,  1.0036205008E+00,  4.9059076892E-03,  1.0120722889E+00,  4.9284122527E-03,  8.3509726794E-03
  0.1220,  9.6619696204E-01,  1.0044417331E+00,  4.9895052623E-03,  1.0122747236E+00,  5.0127577469E-03,  7.7380085710E-03
  0.1240,  9.5774275284E-01,  1.0044917245E+00,  5.0724348861E-03,  1.0124771988E+00,  5.0971765348E-03,  7.8870657500E-03
  0.1260,  9.6279671596E-01,  1.0046944080E+00,  5.1204120395E-03,  1.0126797144E+00,  5.1816686649E-03,  7.8853227801E-03
  0.1280,  9.5906288570E-01,  1.0049285701E+00,  5.3374525510E-03,  1.0128822706E+00,  5.2662341855E-03,  7.8525420000E-03
  0.1300,  9.5928402234E-01,  1.0046958330E+00,  5.4324423160E-03,  1.0130848674E+00,  5.3508731449E-03,  8.2806827563E-03
  0.1320,  9.6274442865E-01,  1.0045941140E+00,  5.4982797172E-03,  1.0132875046E+00,  5.4355855916E-03,  8.5793919084E-03
  0.1340,  9.6543699289E-01,  1.0053266443E+00,  5.5900965877E-03,  1.0134901824E+00,  5.5203715740E-03,  8.0548763028E-03
  0.1360,  9.6742442920E-01,  1.0055093264E+00,  5.6744630285E-03,  1.0136929007E+00,  5.6052311404E-03,  8.0730310475E-03
  0.1380,  9.8309815725E-01,  1.0054972280E+00,  5.7702834583E-03,  1.0138956595E+00,  5.6901643395E-03,  8.2833291706E-03
  0.1400,  9.7714425776E-01,  1.0048063473E+00,  5.7217562930E-03,  1.0140984589E+00,  5.7751712197E-03,  9.1629284475E-03
  0.1420,  9.9848462785E-01,  1.0055646040E+00,  5.8267129534E-03,  1.0143012989E+00,  5.8602518296E-03,  8.6135105242E-03
  0.1440,  1.0049261523E+00,  1.0057157163E+00,  5.9292214747E-03,  1.0145041795E+00,  5.9454062177E-03,  8.6628161270E-03
  0.1460,  1.0079919446E+00,  1.0060245135E+00,  6.0251140853E-03,  1.0147071006E+00,  6.0306344326E-03,  8.5567422268E-03
  0.1480,  9.8904303692E-01,  1.0072121725E+00,  6.1750886721E-03,  1.0149100623E+00,  6.1159365229E-03,  7.5847999197E-03
  0.1500,  9.9940410908E-01,  1.0075938112E+00,  6.1697832088E-03,  1.0151130646E+00,  6.2013125374E-03,  7.4073063479E-03
  0.1520,  9.7933220254E-01,  1.0077597439E+00,  6.2630162509E-03,  1.0153161075E+00,  6.2867625246E-03,  7.4423754211E-03
  0.1540,  9.7905395382E-01,  1.0080339769E+00,  6.3957589937E-03,  1.0155191911E+00,  6.3722865334E-03,  7.3708249580E-03
  0.1560,  9.7984318467E-01,  1.0084671191E+00,  6.4917614122E-03,  1.0157223152E+00,  6.4578846124E-03,  7.1428932428E-03
  0.1580,  9.8440310447E-01,  1.0088908118E+00,  6.5007914566E-03,  1.0159254800E+00,  6.5435568103E-03,  6.9243938770E-03
  0.1600,  9.8169994157E-01,  1.0088695423E+00,  6.6676040867E-03,  1.0161286854E+00,  6.6293031761E-03,  7.1439210872E-03
  0.1620,  9.6602525879E-01,  1.0096220821E+00,  6.8026993593E-03,  1.0163319315E+00,  6.7151237585E-03,  6.6020255464E-03
  0.1640,  9.5996975688E-01,  1.0101984239E+00,  7.0509532770E-03,  1.0165352182E+00,  6.8010186064E-03,  6.2337183420E-03
  0.1660,  9.5451956866E-01,  1.0103451000E+00,  7.1290374597E-03,  1.0167385456E+00,  6.8869877686E-03,  6.2881904024E-03
  0.1680,  9.5108189344E-01,  1.0105521879E+00,  7.2448614111E-03,  1.0169419136E+00,  6.9730312942E-03,  6.2832750368E-03
  0.1700,  9.4983980406E-01,  1.0107233690E+00,  7.3837766003E-03,  1.0171453223E+00,  7.0591492319E-03,  6.3137028928E-03
  0.1720,  9.3941208195E-01,  1.0107911588E+00,  7.3865510250E-03,  1.0173487717E+00,  7.1453416308E-03,  6.4457864668E-03
  0.1740,  9.3656807826E-01,  1.0110122950E+00,  7.5171920328E-03,  1.0175522618E+00,  7.2316085399E-03,  6.4271557034E-03
  0.1760,  9.4283592203E-01,  1.0108792855E+00,  7.5672807019E-03,  1.0177557926E+00,  7.3179500083E-03,  6.7565394405E-03
  0.1780,  9.4373352261E-01,  1.0116034158E+00,  7.6441635846E-03,  1.0179593642E+00,  7.4043660849E-03,  6.2438134331E-03
  0.1800,  9.3529224732E-01,  1.0118780727E+00,  7.7343495658E-03,  1.0181629764E+00,  7.4908568188E-03,  6.1727874526E-03
  0.1820,  9.3480334785E-01,  1.0118788953E+00,  7.8342734670E-03,  1.0183666293E+00,  7.5774222592E-03,  6.3707253428E-03
  0.1840,  9.3167672676E-01,  1.0116214094E+00,  7.7737291283E-03,  1.0185703230E+00,  7.6640624552E-03,  6.8222227947E-03
  0.1860,  9.3804171090E-01,  1.0119145153E+00,  7.8876941963E-03,  1.0187740575E+00,  7.7507774561E-03,  6.7331339388E-03
  0.1880,  9.5036692286E-01,  1.0118000383E+00,  7.8970217190E-03,  1.0189778327E+00,  7.8375673108E-03,  7.0441123480E-03
  0.1900,  9.5331812464E-01,  1.0119628829E+00,  8.0310172157E-03,  1.0191816486E+00,  7.9244320688E-03,  7.0829039471E-03
  0.1920,  9.6072039147E-01,  1.0117466689E+00,  8.0703979946E-03,  1.0193855053E+00,  8.0113717793E-03,  7.4935698296E-03
  0.1940,  9.7524485623E-01,  1.0117373017E+00,  8.0617690141E-03,  1.0195894028E+00,  8.0983864915E-03,  7.7012385044E-03
  0.1960,  9.7281009561E-01,  1.0120855155E+00,  8.1484961043E-03,  1.0197933411E+00,  8.1854762548E-03,  7.5582231109E-03
  0.1980,  9.7940327911E-01,  1.0123641758E+00,  8.2585589118E-03,  1.0199973202E+00,  8.2726411186E-03,  7.4834944874E-03
  0.2000,  9.6703094898E-01,  1.0123212645E+00,  8.3229964296E-03,  1.0202013400E+00,  8.3598811321E-03,  7.7240395659E-03
  0.2020,  9.7463153692E-01,  1.0133368102E+00,  8.5023564374E-03,  1.0204054007E+00,  8.4471963448E-03,  6.9272374371E-03
  0.2040,  9.8837466170E-01,  1.0132036225E+00,  8.5849606499E-03,  1.0206095022E+00,  8.5345868061E-03,  7.2563303557E-03
  0.2060,  9.8108193798E-01,  1.0140152634E+00,  8.7794780678E-03,  1.0208136445E+00,  8.6220525656E-03,  6.6597671080E-03
  0.2080,  9.8017644314E-01,  1.0147579686E+00,  8.9756519275E-03,  1.0210178277E+00,  8.7095936726E-03,  6.1309988015E-03
  0.2100,  9.8588065280E-01,  1.0151473009E+00,  9.0827130209E-03,  1.0212220516E+00,  8.7972101767E-03,  5.9485110839E-03
  0.2120,  9.8546318949E-01,  1.0153318622E+00,  9.1384123867E-03,  1.0214263165E+00,  8.8849021275E-03,  5.9666117823E-03
  0.2140,  9.8147186682E-01,  1.0155857113E+00,  9.2727725555E-03,  1.0216306222E+00,  8.9726695745E-03,  5.9169240997E-03
  0.2160,  9.7434915829E-01,  1.0155677489E+00,  9.3292805477E-03,  1.0218349687E+00,  9.0605125673E-03,  6.1332994060E-03
  0.2180,  9.7407567708E-01,  1.0154562717E+00,  9.4770500374E-03,  1.0220393562E+00,  9.1484311556E-03,  6.4411262255E-03
  0.2200,  9.6972272670E-01,  1.0154674860E+00,  9.6212291960E-03,  1.0222437845E+00,  9.2364253891E-03,  6.6288478003E-03
  0.2220,  9.6898582786E-01,  1.0156586361E+00,  9.7942381196E-03,  1.0224482537E+00,  9.3244953174E-03,  6.6405488190E-03
  0.2240,  9.6742178031E-01,  1.0159372208E+00,  1.0016491429E-02,  1.0226527638E+00,  9.4126409902E-03,  6.5667871005E-03
  0.2260,  9.6978942151E-01,  1.0166591468E+00,  9.9622685035E-03,  1.0228573148E+00,  9.5008624573E-03,  6.0596604221E-03
  0.2280,  9.6710131247E-01,  1.0173552907E+00,  9.9792606738E-03,  1.0230619067E+00,  9.5891597686E-03,  5.5779772111E-03
  0.2300,  9.5999745476E-01,  1.0170070564E+00,  1.0139786599E-02,  1.0232665395E+00,  9.6775329737E-03,  6.1171580896E-03
  0.2320,  9.6529329268E-01,  1.0176834513E+00,  1.0189946412E-02,  1.0234712133E+00,  9.7659821226E-03,  5.6550315501E-03
  0.2340,  9.8319201930E-01,  1.0183570604E+00,  1.0355803024E-02,  1.0236759280E+00,  9.8545072651E-03,  5.1958510640E-03
  0.2360,  9.7483750836E-01,  1.0183506378E+00,  1.0608372007E-02,  1.0238806837E+00,  9.9431084511E-03,  5.4010647394E-03
  0.2380,  9.7961458461E-01,  1.0183624095E+00,  1.0581329023E-02,  1.0240854803E+00,  1.0031785731E-02,  5.5884698020E-03
  0.2400,  9.8215180058E-01,  1.0188564424E+00,  1.0852736911E-02,  1.0242903179E+00,  1.0120539153E-02,  5.3050150032E-03
  0.2420,  9.8408093461E-01,  1.0184284026E+00,  1.0896806347E-02,  1.0244951964E+00,  1.0209368770E-02,  5.9217396287E-03
  0.2440,  9.9364285949E-01,  1.0180991577E+00,  1.0932577288E-02,  1.0247001160E+00,  1.0298274629E-02,  6.4418440246E-03
  0.2460,  9.9032549014E-01,  1.0188416449E+00,  1.1179042116E-02,  1.0249050765E+00,  1.0387256782E-02,  5.9160908769E-03
  0.2480,  9.8130938873E-01,  1.0191885004E+00,  1.1223610319E-02,  1.0251100780E+00,  1.0476315279E-02,  5.7765284847E-03
  0.2500,  9.6635502292E-01,  1.0189380881E+00,  1.1190182440E-02,  1.0253151205E+00,  1.0565450169E-02,  6.2195829424E-03
  0.2520,  9.8094495719E-01,  1.0190427762E+00,  1.1391601252E-02,  1.0255202041E+00,  1.0654661503E-02,  6.3162362555E-03
  0.2540,  9.7913192456E-01,  1.0181810361E+00,  1.1406251402E-02,  1.0257253286E+00,  1.0743949331E-02,  7.3550806267E-03
  0.2560,  9.8550184617E-01,  1.0186285363E+00,  1.1555044437E-02,  1.0259304942E+00,  1.0833313703E-02,  7.1174002302E-03
  0.2580,  9.8615440525E-01,  1.0194039868E+00,  1.1735634403E-02,  1.0261357008E+00,  1.0922754670E-02,  6.5602571364E-03
  0.2600,  9.7352256240E-01,  1.0197155361E+00,  1.1797136443E-02,  1.0263409485E+00,  1.1012272281E-02,  6.4553717715E-03
  0.2620,  9.7585367789E-01,  1.0200034462E+00,  1.1787220754E-02,  1.0265462372E+00,  1.1101866587E-02,  6.3735960014E-03
  0.2640,  9.8660415362E-01,  1.0194778891E+00,  1.1686379830E-02,  1.0267515670E+00,  1.1191537638E-02,  7.0841653725E-03
  0.2660,  9.8547453433E-01,  1.0196511731E+00,  1.1845210515E-02,  1.0269569378E+00,  1.1281285485E-02,  7.1139932302E-03
  0.2680,  9.8710074113E-01,  1.0199257698E+00,  1.2073208714E-02,  1.0271623497E+00,  1.1371110177E-02,  7.0452153633E-03
  0.2700,  9.9395340295E-01,  1.0203438116E+00,  1.2143923224E-02,  1.0273678028E+00,  1.1461011766E-02,  6.8368807143E-03
  0.2720,  9.9329224192E-01,  1.0204821605E+00,  1.2316460420E-02,  1.0275732969E+00,  1.1550990302E-02,  6.9008570370E-03
  0.2740,  9.9819286191E-01,  1.0206920999E+00,  1.2505061113E-02,  1.0277788321E+00,  1.1641045834E-02,  6.8951918287E-03
  0.2760,  1.0039173201E+00,  1.0205248381E+00,  1.2454109043E-02,  1.0279844084E+00,  1.1731178415E-02,  7.2565014068E-03
  0.2780,  1.0005372838E+00,  1.0207623346E+00,  1.2644572614E-02,  1.0281900259E+00,  1.1821388094E-02,  7.2240452150E-03
  0.2800,  1.0057934318E+00,  1.0208394162E+00,  1.2583300771E-02,  1.0283956844E+00,  1.1911674921E-02,  7.3476273438E-03
  0.2820,  1.0208990277E+00,  1.0207674658E+00,  1.2598999782E-02,  1.0286013841E+00,  1.2002038948E-02,  7.6160876617E-03
  0.2840,  1.0060184873E+00,  1.0208566189E+00,  1.2658753924E-02,  1.0288071250E+00,  1.2092480224E-02,  7.7278878330E-03
  0.2860,  1.0134012983E+00,  1.0213630448E+00,  1.2811370666E-02,  1.0290129070E+00,  1.2182998802E-02,  7.4341751634E-03
  0.2880,  1.0146118668E+00,  1.0219338119E+00,  1.2937690831E-02,  1.0292187301E+00,  1.2273594730E-02,  7.0781049983E-03
  0.2900,  1.0144723565E+00,  1.0216470999E+00,  1.3255340872E-02,  1.0294245945E+00,  1.2364268061E-02,  7.5551863309E-03
  0.2920,  1.0239508750E+00,  1.0214663101E+00,  1.3430070163E-02,  1.0296305000E+00,  1.2455018844E-02,  7.9292424944E-03
  0.2940,  1.0350918147E+00,  1.0221601719E+00,  1.3625817374E-02,  1.0298364467E+00,  1.2545847130E-02,  7.4538776008E-03
  0.2960,  1.0325209866E+00,  1.0225012339E+00,  1.3609617333E-02,  1.0300424346E+00,  1.2636752971E-02,  7.3212523867E-03
  0.2980,  1.0281359677E+00,  1.0225583408E+00,  1.3647351780E-02,  1.0302484637E+00,  1.2727736417E-02,  7.4643381250E-03
  0.3000,  1.0200009331E+00,  1.0224674657E+00,  1.3650543397E-02,  1.0304545340E+00,  1.2818797518E-02,  7.7510146940E-03
  0.3020,  1.0241085078E+00,  1.0226129652E+00,  1.3729976533E-02,  1.0306606455E+00,  1.2909936327E-02,  7.8082735719E-03
  0.3040,  1.0313572618E+00,  1.0228436201E+00,  1.3854465494E-02,  1.0308667982E+00,  1.3001152893E-02,  7.7829435635E-03
  0.3060,  1.0424382467E+00,  1.0228127170E+00,  1.4002635171E-02,  1.0310729922E+00,  1.3092447268E-02,  8.0113389437E-03
  0.3080,  1.0518940063E+00,  1.0236833976E+00,  1.4009813631E-02,  1.0312792274E+00,  1.3183819502E-02,  7.3654443835E-03
  0.3100,  1.0591250229E+00,  1.0240072187E+00,  1.3939303132E-02,  1.0314855039E+00,  1.3275269646E-02,  7.2500148012E-03
  0.3120,  1.0592289179E+00,  1.0244400423E+00,  1.3951161415E-02,  1.0316918216E+00,  1.3366797753E-02,  7.0290169967E-03
  0.3140,  1.0698393262E+00,  1.0241957334E+00,  1.3961279146E-02,  1.0318981806E+00,  1.3458403872E-02,  7.4643481410E-03
  0.3160,  1.0609991106E+00,  1.0240524286E+00,  1.4067214440E-02,  1.0321045809E+00,  1.3550088054E-02,  7.8016825857E-03
  0.3180,  1.0426080784E+00,  1.0247820819E+00,  1.4267133509E-02,  1.0323110225E+00,  1.3641850352E-02,  7.2932870141E-03
  0.3200,  1.0410097348E+00,  1.0248380807E+00,  1.4277647757E-02,  1.0325175053E+00,  1.3733690815E-02,  7.4375732406E-03
  0.3220,  1.0336823331E+00,  1.0248891328E+00,  1.4252424674E-02,  1.0327240295E+00,  1.3825609496E-02,  7.5866315283E-03
  0.3240,  1.0340224435E+00,  1.0254134682E+00,  1.4446756003E-02,  1.0329305949E+00,  1.3917606445E-02,  7.2774751069E-03
  0.3260,  1.0289339686E+00,  1.0249496983E+00,  1.4394441507E-02,  1.0331372017E+00,  1.4009681713E-02,  7.9248945337E-03
  0.3280,  1.0342440978E+00,  1.0252354409E+00,  1.4289034208E-02,  1.0333438498E+00,  1.4101835353E-02,  7.8467674329E-03
  0.3300,  1.0285794538E+00,  1.0251255597E+00,  1.4403154072E-02,  1.0335505392E+00,  1.4194067414E-02,  8.1514925932E-03
  0.3320,  1.0351193493E+00,  1.0257401195E+00,  1.4299323640E-02,  1.0337572700E+00,  1.4286377949E-02,  7.7553510506E-03
  0.3340,  1.0462854943E+00,  1.0254229213E+00,  1.4563695455E-02,  1.0339640422E+00,  1.4378767009E-02,  8.2605588369E-03
  0.3360,  1.0461603415E+00,  1.0257145765E+00,  1.4619717895E-02,  1.0341708556E+00,  1.4471234645E-02,  8.1768685043E-03
  0.3380,  1.0473254401E+00,  1.0254170471E+00,  1.4646155656E-02,  1.0343777105E+00,  1.4563780909E-02,  8.6628543232E-03
  0.3400,  1.0411656907E+00,  1.0257169018E+00,  1.4697150861E-02,  1.0345846067E+00,  1.4656405852E-02,  8.5712709048E-03
  0.3420,  1.0476949367E+00,  1.0259574423E+00,  1.4862276290E-02,  1.0347915443E+00,  1.4749109525E-02,  8.5370836781E-03
  0.3440,  1.0472559886E+00,  1.0261214962E+00,  1.5025735514E-02,  1.0349985233E+00,  1.4841891980E-02,  8.5768500953E-03
  0.3460,  1.0497987675E+00,  1.0267523412E+00,  1.5252563557E-02,  1.0352055438E+00,  1.4934753269E-02,  8.1657238023E-03
  0.3480,  1.0576073312E+00,  1.0270706596E+00,  1.5270833881E-02,  1.0354126056E+00,  1.5027693444E-02,  8.0566393530E-03
  0.3500,  1.0539460548E+00,  1.0270566322E+00,  1.5170548990E-02,  1.0356197088E+00,  1.5120712555E-02,  8.2685531275E-03
  0.3520,  1.0594109943E+00,  1.0272238241E+00,  1.5236146927E-02,  1.0358268535E+00,  1.5213810654E-02,  8.3054704834E-03
  0.3540,  1.0612786639E+00,  1.0277507547E+00,  1.5402653470E-02,  1.0360340395E+00,  1.5306987793E-02,  7.9951860226E-03
  0.3560,  1.0706842553E+00,  1.0279051999E+00,  1.5365792884E-02,  1.0362412671E+00,  1.5400244024E-02,  8.0445234660E-03
  0.3580,  1.0774128538E+00,  1.0276963403E+00,  1.5564646660E-02,  1.0364485361E+00,  1.5493579399E-02,  8.4444093736E-03
  0.3600,  1.0555370886E+00,  1.0277504202E+00,  1.5663744620E-02,  1.0366558465E+00,  1.5586993969E-02,  8.5905330537E-03
  0.3620,  1.0634192562E+00,  1.0273254389E+00,  1.5713559300E-02,  1.0368631984E+00,  1.5680487786E-02,  9.1986672460E-03
  0.3640,  1.0566590325E+00,  1.0276497854E+00,  1.5808919209E-02,  1.0370705918E+00,  1.5774060901E-02,  9.0840551128E-03
  0.3660,  1.0474205362E+00,  1.0278254214E+00,  1.5835144821E-02,  1.0372780266E+00,  1.5867713367E-02,  9.1128945552E-03
  0.3680,  1.0376655701E+00,  1.0274728636E+00,  1.6014242372E-02,  1.0374855030E+00,  1.5961445236E-02,  9.6508715867E-03
  0.3700,  1.0504179247E+00,  1.0271878146E+00,  1.6150383658E-02,  1.0376930208E+00,  1.6055256559E-02,  1.0123616505E-02
  0.3720,  1.0400409874E+00,  1.0271422817E+00,  1.6269148300E-02,  1.0379005802E+00,  1.6149147388E-02,  1.0365442247E-02
  0.3740,  1.0426095294E+00,  1.0272629919E+00,  1.6472492023E-02,  1.0381081811E+00,  1.6243117776E-02,  1.0447070296E-02
  0.3760,  1.0347784173E+00,  1.0273618680E+00,  1.6857388659E-02,  1.0383158235E+00,  1.6337167774E-02,  1.0549733721E-02
  0.3780,  1.0330775396E+00,  1.0275288125E+00,  1.6821530678E-02,  1.0385235074E+00,  1.6431297434E-02,  1.0586852178E-02
  0.3800,  1.0253042931E+00,  1.0275808525E+00,  1.6862249888E-02,  1.0387312329E+00,  1.6525506809E-02,  1.0734615470E-02
  0.3820,  1.0287534698E+00,  1.0278371733E+00,  1.7013183802E-02,  1.0389389999E+00,  1.6619795950E-02,  1.0685734765E-02
  0.3840,  1.0267509890E+00,  1.0279513572E+00,  1.7019531256E-02,  1.0391468085E+00,  1.6714164910E-02,  1.0773695474E-02
  0.3860,  1.0234044862E+00,  1.0283449599E+00,  1.6921706006E-02,  1.0393546586E+00,  1.6808613740E-02,  1.0592821797E-02
  0.3880,  1.0229798530E+00,  1.0284118451E+00,  1.7006479797E-02,  1.0395625503E+00,  1.6903142493E-02,  1.0726343698E-02
  0.3900,  1.0253329638E+00,  1.0288461275E+00,  1.7319771331E-02,  1.0397704837E+00,  1.6997751222E-02,  1.0506507287E-02
  0.3920,  1.0128109770E+00,  1.0293920289E+00,  1.7414476091E-02,  1.0399784585E+00,  1.7092439977E-02,  1.0179470164E-02
  0.3940,  1.0097185426E+00,  1.0291062662E+00,  1.7372554363E-02,  1.0401864750E+00,  1.7187208813E-02,  1.0652137010E-02
  0.3960,  1.0213990539E+00,  1.0293265789E+00,  1.7489787798E-02,  1.0403945331E+00,  1.7282057780E-02,  1.0638228028E-02
  0.3980,  1.0124455461E+00,  1.0297266420E+00,  1.7678572203E-02,  1.0406026329E+00,  1.7376986931E-02,  1.0451627251E-02
  0.4000,  1.0129164718E+00,  1.0298686010E+00,  1.7751270259E-02,  1.0408107742E+00,  1.7471996319E-02,  1.0513124489E-02
  0.4020,  1.0165247745E+00,  1.0291981502E+00,  1.7877299767E-02,  1.0410189572E+00,  1.7567085996E-02,  1.1355035290E-02
  0.4040,  1.0039794464E+00,  1.0299734962E+00,  1.8028720364E-02,  1.0412271818E+00,  1.7662256014E-02,  1.0808098105E-02
  0.4060,  1.0042203467E+00,  1.0303866557E+00,  1.8194399305E-02,  1.0414354480E+00,  1.7757506426E-02,  1.0609195595E-02
  0.4080,  9.9071416789E-01,  1.0307417761E+00,  1.8130633738E-02,  1.0416437560E+00,  1.7852837285E-02,  1.0466130818E-02
  0.4100,  9.7597206142E-01,  1.0304494514E+00,  1.8190150690E-02,  1.0418521055E+00,  1.7948248642E-02,  1.0944599640E-02
  0.4120,  9.7984104222E-01,  1.0306702317E+00,  1.8122296303E-02,  1.0420604968E+00,  1.8043740550E-02,  1.0930521877E-02
  0.4140,  9.9007299025E-01,  1.0303433012E+00,  1.7972429162E-02,  1.0422689297E+00,  1.8139313063E-02,  1.1441987943E-02
  0.4160,  9.7900758447E-01,  1.0307433305E+00,  1.7923825242E-02,  1.0424774044E+00,  1.8234966232E-02,  1.1255950338E-02
  0.4180,  9.7376209444E-01,  1.0304505862E+00,  1.8033230620E-02,  1.0426859207E+00,  1.8330700110E-02,  1.1734439205E-02
  0.4200,  9.6586233004E-01,  1.0308406984E+00,  1.7930949972E-02,  1.0428944788E+00,  1.8426514750E-02,  1.1558005689E-02
  0.4220,  9.7544899237E-01,  1.0305901293E+00,  1.8187531075E-02,  1.0431030785E+00,  1.8522410205E-02,  1.1995889422E-02
  0.4240,  9.6801170575E-01,  1.0310912505E+00,  1.8437111990E-02,  1.0433117200E+00,  1.8618386527E-02,  1.1713152720E-02
  0.4260,  9.6908277976E-01,  1.0310864707E+00,  1.8512178838E-02,  1.0435204032E+00,  1.8714443769E-02,  1.1915370741E-02
  0.4280,  9.4466161896E-01,  1.0307308879E+00,  1.8770874030E-02,  1.0437291281E+00,  1.8810581984E-02,  1.2453652883E-02
  0.4300,  9.4795145503E-01,  1.0310525913E+00,  1.8973090929E-02,  1.0439378949E+00,  1.8906801224E-02,  1.2342978994E-02
  0.4320,  9.3964189238E-01,  1.0314339680E+00,  1.8936053652E-02,  1.0441467033E+00,  1.9003101543E-02,  1.2175238628E-02
  0.4340,  9.5089670154E-01,  1.0310289792E+00,  1.8875277300E-02,  1.0443555535E+00,  1.9099482993E-02,  1.2760572112E-02
  0.4360,  9.6080560503E-01,  1.0312513082E+00,  1.8939225769E-02,  1.0445644455E+00,  1.9195945628E-02,  1.2745156512E-02
  0.4380,  9.5850942328E-01,  1.0320178984E+00,  1.9179465481E-02,  1.0447733793E+00,  1.9292489500E-02,  1.2208849456E-02
  0.4400,  9.5664882161E-01,  1.0314533539E+00,  1.9288570853E-02,  1.0449823549E+00,  1.9389114662E-02,  1.2946631066E-02
  0.4420,  9.4311016301E-01,  1.0316968904E+00,  1.9339176685E-02,  1.0451913723E+00,  1.9485821167E-02,  1.2911015360E-02
  0.4440,  9.4056171694E-01,  1.0316386116E+00,  1.9548494495E-02,  1.0454004314E+00,  1.9582609068E-02,  1.3164161228E-02
  0.4460,  9.4005791877E-01,  1.0315314735E+00,  1.9524811854E-02,  1.0456095324E+00,  1.9679478419E-02,  1.3463973412E-02
  0.4480,  9.5328293086E-01,  1.0322730392E+00,  1.9692896116E-02,  1.0458186753E+00,  1.9776429272E-02,  1.2952184111E-02
  0.4500,  9.5716367014E-01,  1.0319276002E+00,  1.9666300520E-02,  1.0460278599E+00,  1.9873461681E-02,  1.3479812805E-02
  0.4520,  9.5535566353E-01,  1.0323318728E+00,  1.9701450656E-02,  1.0462370864E+00,  1.9970575699E-02,  1.3290690812E-02
  0.4540,  9.4957072093E-01,  1.0321068511E+00,  1.9664721318E-02,  1.0464463547E+00,  2.0067771378E-02,  1.3703047096E-02
  0.4560,  9.5721594907E-01,  1.0320557250E+00,  1.9793680507E-02,  1.0466556649E+00,  2.0165048773E-02,  1.3949133790E-02
  0.4580,  9.3825076363E-01,  1.0323344663E+00,  1.9764810567E-02,  1.0468650170E+00,  2.0262407936E-02,  1.3880061372E-02
  0.4600,  9.4798692857E-01,  1.0320988938E+00,  1.9814555019E-02,  1.0470744110E+00,  2.0359848920E-02,  1.4302247311E-02
  0.4620,  9.5156327891E-01,  1.0324245343E+00,  2.0027666455E-02,  1.0472838468E+00,  2.0457371780E-02,  1.4188428996E-02
  0.4640,  9.4410944563E-01,  1.0326582032E+00,  2.0249787864E-02,  1.0474933245E+00,  2.0554976568E-02,  1.4162497249E-02
  0.4660,  9.3506864752E-01,  1.0333605893E+00,  2.0436361884E-02,  1.0477028441E+00,  2.0652663338E-02,  1.3689239182E-02
  0.4680,  9.2748453607E-01,  1.0338725050E+00,  2.0376981122E-02,  1.0479124056E+00,  2.0750432143E-02,  1.3397971621E-02
  0.4700,  9.2477425634E-01,  1.0344733780E+00,  2.0445833812E-02,  1.0481220091E+00,  2.0848283036E-02,  1.3021986943E-02
  0.4720,  9.3758063374E-01,  1.0348741337E+00,  2.0545512102E-02,  1.0483316544E+00,  2.0946216071E-02,  1.2837083318E-02
  0.4740,  9.3212151737E-01,  1.0354562049E+00,  2.0929774417E-02,  1.0485413417E+00,  2.1044231302E-02,  1.2479371399E-02
  0.4760,  9.4299897836E-01,  1.0360198929E+00,  2.0964658156E-02,  1.0487510710E+00,  2.1142328783E-02,  1.2139370766E-02
  0.4780,  9.3873272193E-01,  1.0361286671E+00,  2.1107789289E-02,  1.0489608422E+00,  2.1240508565E-02,  1.2233226038E-02
  0.4800,  9.4537724726E-01,  1.0357917759E+00,  2.1151228224E-02,  1.0491706553E+00,  2.1338770704E-02,  1.2751861969E-02
  0.4820,  9.3819801647E-01,  1.0365655567E+00,  2.1304531757E-02,  1.0493805104E+00,  2.1437115253E-02,  1.2211922752E-02
  0.4840,  9.2090086265E-01,  1.0363960226E+00,  2.1364863294E-02,  1.0495904075E+00,  2.1535542266E-02,  1.2570984717E-02
  0.4860,  9.1221791340E-01,  1.0364940812E+00,  2.1410467041E-02,  1.0498003466E+00,  2.1634051796E-02,  1.2675043844E-02
  0.4880,  9.3310883098E-01,  1.0366499049E+00,  2.1410407463E-02,  1.0500103277E+00,  2.1732643896E-02,  1.2724087017E-02
  0.4900,  9.3345322079E-01,  1.0369839172E+00,  2.1520828734E-02,  1.0502203507E+00,  2.1831318622E-02,  1.2603482229E-02
  0.4920,  9.2501901682E-01,  1.0375143273E+00,  2.1643959332E-02,  1.0504304158E+00,  2.1930076026E-02,  1.2295996273E-02
  0.4940,  9.3439868639E-01,  1.0382385395E+00,  2.1645202963E-02,  1.0506405229E+00,  2.2028916162E-02,  1.1804211962E-02
  0.4960,  9.2940612918E-01,  1.0387598048E+00,  2.1527748849E-02,  1.0508506720E+00,  2.2127839085E-02,  1.1505790036E-02
  0.4980,  9.3501814850E-01,  1.0384665747E+00,  2.1616928183E-02,  1.0510608632E+00,  2.2226844847E-02,  1.1982454019E-02
  0.5000,  9.4203838834E-01,  1.0385329074E+00,  2.1797849506E-02,  1.0512710964E+00,  2.2325933504E-02,  1.2116940194E-02
  0.5020,  9.4497254073E-01,  1.0393098421E+00,  2.1971522301E-02,  1.0514813716E+00,  2.2425105108E-02,  1.1575601660E-02
  0.5040,  9.5480103385E-01,  1.0401360482E+00,  2.2003052513E-02,  1.0516916889E+00,  2.2524359715E-02,  1.0987669501E-02
  0.5060,  9.5767509871E-01,  1.0407478738E+00,  2.2231670699E-02,  1.0519020483E+00,  2.2623697377E-02,  1.0603814830E-02
  0.5080,  9.5873596522E-01,  1.0411605786E+00,  2.2426303708E-02,  1.0521124497E+00,  2.2723118149E-02,  1.0409411265E-02
  0.5100,  9.5194458119E-01,  1.0412006863E+00,  2.2382930949E-02,  1.0523228933E+00,  2.2822622085E-02,  1.0569196068E-02
  0.5120,  9.5198372755E-01,  1.0408803988E+00,  2.2811246276E-02,  1.0525333789E+00,  2.2922209240E-02,  1.1071363961E-02
  0.5140,  9.6559170560E-01,  1.0404506454E+00,  2.2989298412E-02,  1.0527439066E+00,  2.3021879667E-02,  1.1677352097E-02
  0.5160,  9.6374500371E-01,  1.0404784572E+00,  2.3019793424E-02,  1.0529544765E+00,  2.3121633420E-02,  1.1848583766E-02
  0.5180,  9.6862579220E-01,  1.0408774619E+00,  2.3056324789E-02,  1.0531650884E+00,  2.3221470553E-02,  1.1667331775E-02
  0.5200,  9.6698015881E-01,  1.0410383232E+00,  2.3046929761E-02,  1.0533757425E+00,  2.3321391122E-02,  1.1712268279E-02
  0.5220,  9.6664927124E-01,  1.0409355343E+00,  2.3250763436E-02,  1.0535864387E+00,  2.3421395180E-02,  1.2007467052E-02
  0.5240,  9.5355479254E-01,  1.0413385409E+00,  2.3319100134E-02,  1.0537971771E+00,  2.3521482781E-02,  1.1822613023E-02
  0.5260,  9.6266802420E-01,  1.0411096738E+00,  2.3313598617E-02,  1.0540079576E+00,  2.3621653980E-02,  1.2237368493E-02
  0.5280,  9.7708120755E-01,  1.0413435481E+00,  2.3597614037E-02,  1.0542187803E+00,  2.3721908831E-02,  1.2213055193E-02
  0.5300,  9.7556290589E-01,  1.0418047137E+00,  2.3957277600E-02,  1.0544296451E+00,  2.3822247388E-02,  1.1973232664E-02
  0.5320,  9.7948486622E-01,  1.0423844424E+00,  2.4309517577E-02,  1.0546405521E+00,  2.3922669707E-02,  1.1621125051E-02
  0.5340,  9.6928085216E-01,  1.0425033587E+00,  2.4370179026E-02,  1.0548515013E+00,  2.4023175841E-02,  1.1706048281E-02
  0.5360,  9.6180191007E-01,  1.0420801850E+00,  2.4605062207E-02,  1.0550624927E+00,  2.4123765844E-02,  1.2304776068E-02
  0.5380,  9.6218793528E-01,  1.0422179980E+00,  2.4677361505E-02,  1.0552735263E+00,  2.4224439772E-02,  1.2371700812E-02
  0.5400,  9.6993977461E-01,  1.0430940577E+00,  2.4750992106E-02,  1.0554846022E+00,  2.4325197679E-02,  1.1739199674E-02
  0.5420,  9.8142079381E-01,  1.0435853252E+00,  2.5066095303E-02,  1.0556957202E+00,  2.4426039619E-02,  1.1471482471E-02
  0.5440,  9.8624729330E-01,  1.0440644500E+00,  2.5087350800E-02,  1.0559068804E+00,  2.4526965648E-02,  1.1215411783E-02
  0.5460,  9.6819956966E-01,  1.0443734735E+00,  2.5083100197E-02,  1.0561180829E+00,  2.4627975819E-02,  1.1120545781E-02
  0.5480,  9.5898238596E-01,  1.0446723870E+00,  2.5087330733E-02,  1.0563293277E+00,  2.4729070188E-02,  1.1035328100E-02
  0.5500,  9.4913880616E-01,  1.0450863273E+00,  2.5159861889E-02,  1.0565406147E+00,  2.4830248808E-02,  1.0841312887E-02
  0.5520,  9.5206894857E-01,  1.0454211820E+00,  2.5184253866E-02,  1.0567519439E+00,  2.4931511736E-02,  1.0722253184E-02
  0.5540,  9.3808889042E-01,  1.0446761321E+00,  2.4976161562E-02,  1.0569633155E+00,  2.5032859025E-02,  1.1624985619E-02
  0.5560,  9.4153287468E-01,  1.0455110061E+00,  2.5039218387E-02,  1.0571747293E+00,  2.5134290731E-02,  1.1032919049E-02
  0.5580,  9.4527094293E-01,  1.0459692214E+00,  2.5156884943E-02,  1.0573861854E+00,  2.5235806908E-02,  1.0797345488E-02
  0.5600,  9.3784726767E-01,  1.0461241253E+00,  2.5149640591E-02,  1.0575976837E+00,  2.5337407611E-02,  1.0848698564E-02
  0.5620,  9.3878453032E-01,  1.0467353653E+00,  2.5273059138E-02,  1.0578092244E+00,  2.5439092895E-02,  1.0468673225E-02
  0.5640,  9.3394599237E-01,  1.0471210616E+00,  2.5514040597E-02,  1.0580208074E+00,  2.5540862815E-02,  1.0302014586E-02
  0.5660,  9.3197569356E-01,  1.0473529199E+00,  2.5674695271E-02,  1.0582324328E+00,  2.5642717427E-02,  1.0280834849E-02
  0.5680,  9.2254140320E-01,  1.0479436778E+00,  2.5614502165E-02,  1.0584441004E+00,  2.5744656784E-02,  9.9206208508E-03
  0.5700,  9.2450784933E-01,  1.0480373487E+00,  2.5628897292E-02,  1.0586558104E+00,  2.5846680942E-02,  1.0030135938E-02
  0.5720,  9.2547516684E-01,  1.0476563902E+00,  2.5516761016E-02,  1.0588675627E+00,  2.5948789956E-02,  1.0587889308E-02
  0.5740,  9.3127104077E-01,  1.0469185585E+00,  2.5462485511E-02,  1.0590793574E+00,  2.6050983881E-02,  1.1482424640E-02
  0.5760,  9.2490160958E-01,  1.0467915734E+00,  2.5566438132E-02,  1.0592911945E+00,  2.6153262772E-02,  1.1799985858E-02
  0.5780,  9.3145797100E-01,  1.0467233502E+00,  2.5706532286E-02,  1.0595030739E+00,  2.6255626685E-02,  1.2061997787E-02
  0.5800,  9.3542841425E-01,  1.0469159601E+00,  2.5919311573E-02,  1.0597149957E+00,  2.6358075674E-02,  1.2077809317E-02
  0.5820,  9.2712559350E-01,  1.0471272366E+00,  2.6055661035E-02,  1.0599269599E+00,  2.6460609796E-02,  1.2076042792E-02
  0.5840,  9.4156014453E-01,  1.0470359450E+00,  2.6013258139E-02,  1.0601389665E+00,  2.6563229104E-02,  1.2359720696E-02
  0.5860,  9.5493499296E-01,  1.0471448333E+00,  2.6065622880E-02,  1.0603510155E+00,  2.6665933654E-02,  1.2454538195E-02
  0.5880,  9.6490142702E-01,  1.0471989236E+00,  2.5843029985E-02,  1.0605631069E+00,  2.6768723503E-02,  1.2601026024E-02
  0.5900,  9.6121170575E-01,  1.0478827509E+00,  2.5948936218E-02,  1.0607752407E+00,  2.6871598704E-02,  1.2153837428E-02
  0.5920,  9.6778089088E-01,  1.0479373573E+00,  2.5874128969E-02,  1.0609874170E+00,  2.6974559314E-02,  1.2299919378E-02
  0.5940,  9.6662172404E-01,  1.0476237736E+00,  2.5681393743E-02,  1.0611996357E+00,  2.7077605387E-02,  1.2792938876E-02
  0.5960,  9.6262744522E-01,  1.0479895755E+00,  2.5606463676E-02,  1.0614118969E+00,  2.7180736980E-02,  1.2645723514E-02
  0.5980,  9.7131441601E-01,  1.0487234378E+00,  2.5855015749E-02,  1.0616242005E+00,  2.7283954148E-02,  1.2151910863E-02
  0.6000,  9.7500864903E-01,  1.0491950806E+00,  2.5651698863E-02,  1.0618365465E+00,  2.7387256946E-02,  1.1905284234E-02
  0.6020,  9.8472672258E-01,  1.0489354000E+00,  2.5667716397E-02,  1.0620489351E+00,  2.7490645429E-02,  1.2347392494E-02
  0.6040,  9.7900170017E-01,  1.0489011174E+00,  2.5805758829E-02,  1.0622613661E+00,  2.7594119654E-02,  1.2577176514E-02
  0.6060,  9.7289294466E-01,  1.0491860136E+00,  2.5897469508E-02,  1.0624738396E+00,  2.7697679676E-02,  1.2506497160E-02
  0.6080,  9.6320383972E-01,  1.0501313985E+00,  2.5776982143E-02,  1.0626863557E+00,  2.7801325551E-02,  1.1814358067E-02
  0.6100,  9.5300766315E-01,  1.0501197338E+00,  2.5875837741E-02,  1.0628989142E+00,  2.7905057334E-02,  1.2022949891E-02
  0.6120,  9.4077440598E-01,  1.0510197892E+00,  2.5959668294E-02,  1.0631115152E+00,  2.8008875081E-02,  1.1373901805E-02
  0.6140,  9.3969776851E-01,  1.0524778529E+00,  2.6476792500E-02,  1.0633241588E+00,  2.8112778847E-02,  1.0200375643E-02
  0.6160,  9.3717064020E-01,  1.0526017387E+00,  2.6805202916E-02,  1.0635368449E+00,  2.8216768690E-02,  1.0281831124E-02
  0.6180,  9.3038537745E-01,  1.0527594799E+00,  2.6994925582E-02,  1.0637495735E+00,  2.8320844663E-02,  1.0331467023E-02
  0.6200,  9.2893188743E-01,  1.0534070058E+00,  2.7203537797E-02,  1.0639623447E+00,  2.8425006824E-02,  9.9207824071E-03
  0.6220,  9.3364073108E-01,  1.0538716362E+00,  2.7320207127E-02,  1.0641751585E+00,  2.8529255228E-02,  9.6821676488E-03
  0.6240,  9.2763345991E-01,  1.0535402915E+00,  2.7382458071E-02,  1.0643880148E+00,  2.8633589931E-02,  1.0191512077E-02
  0.6260,  9.2967006767E-01,  1.0529481643E+00,  2.7269076426E-02,  1.0646009137E+00,  2.8738010988E-02,  1.0945650352E-02
  0.6280,  9.4865600282E-01,  1.0532913029E+00,  2.7555918459E-02,  1.0648138552E+00,  2.8842518457E-02,  1.0821189235E-02
  0.6300,  9.6402376159E-01,  1.0538233417E+00,  2.7490865903E-02,  1.0650268392E+00,  2.8947112392E-02,  1.0519450872E-02
  0.6320,  9.5789707473E-01,  1.0536583021E+00,  2.7507745949E-02,  1.0652398659E+00,  2.9051792850E-02,  1.0872259040E-02
  0.6340,  9.5033917111E-01,  1.0538443282E+00,  2.7551564542E-02,  1.0654529352E+00,  2.9156559887E-02,  1.0895466660E-02
  0.6360,  9.4979007350E-01,  1.0540631638E+00,  2.7667074609E-02,  1.0656660471E+00,  2.9261413559E-02,  1.0887916790E-02
  0.6380,  9.5105478141E-01,  1.0537529734E+00,  2.8001334789E-02,  1.0658792016E+00,  2.9366353923E-02,  1.1376737837E-02
  0.6400,  9.5348778112E-01,  1.0540702502E+00,  2.8166220188E-02,  1.0660923988E+00,  2.9471381033E-02,  1.1276835427E-02
  0.6420,  9.4791813219E-01,  1.0543873081E+00,  2.8284122533E-02,  1.0663056386E+00,  2.9576494948E-02,  1.1177217920E-02
  0.6440,  9.3568506496E-01,  1.0548305447E+00,  2.8390135161E-02,  1.0665189210E+00,  2.9681695722E-02,  1.0959370826E-02
  0.6460,  9.4094991638E-01,  1.0549210290E+00,  2.8158022452E-02,  1.0667322461E+00,  2.9786983412E-02,  1.1072335340E-02
  0.6480,  9.3670710982E-01,  1.0545552933E+00,  2.8225979070E-02,  1.0669456139E+00,  2.9892358074E-02,  1.1612888697E-02
  0.6500,  9.3114345472E-01,  1.0549989210E+00,  2.8266940068E-02,  1.0671590244E+00,  2.9997819765E-02,  1.1394837199E-02
  0.6520,  9.3771264107E-01,  1.0551658658E+00,  2.8616674194E-02,  1.0673724775E+00,  3.0103368541E-02,  1.1436131215E-02
  0.6540,  9.2722243856E-01,  1.0552099026E+00,  2.8786128202E-02,  1.0675859734E+00,  3.0209004459E-02,  1.1592575280E-02
  0.6560,  9.2555653867E-01,  1.0557257215E+00,  2.8786754279E-02,  1.0677995119E+00,  3.0314727574E-02,  1.1307169834E-02
  0.6580,  9.2104855698E-01,  1.0564536075E+00,  2.8921549540E-02,  1.0680130932E+00,  3.0420537944E-02,  1.0823355734E-02
  0.6600,  9.2496185730E-01,  1.0565840412E+00,  2.8953146750E-02,  1.0682267172E+00,  3.0526435624E-02,  1.0899068291E-02
  0.6620,  9.2420780888E-01,  1.0562671068E+00,  2.8817110558E-02,  1.0684403839E+00,  3.0632420672E-02,  1.1393501443E-02
  0.6640,  9.2461969120E-01,  1.0566928580E+00,  2.8857530502E-02,  1.0686540933E+00,  3.0738493143E-02,  1.1192803500E-02
  0.6660,  9.2114779627E-01,  1.0572669770E+00,  2.8957474670E-02,  1.0688678455E+00,  3.0844653096E-02,  1.0853417112E-02
  0.6680,  9.2924919510E-01,  1.0567149787E+00,  2.8973810593E-02,  1.0690816405E+00,  3.0950900585E-02,  1.1567555983E-02
  0.6700,  9.2648411600E-01,  1.0570111237E+00,  2.9179240725E-02,  1.0692954782E+00,  3.1057235668E-02,  1.1488269370E-02
  0.6720,  9.2663402040E-01,  1.0569908371E+00,  2.9216232870E-02,  1.0695093587E+00,  3.1163658401E-02,  1.1704920074E-02
  0.6740,  9.2680036641E-01,  1.0577336994E+00,  2.9363050340E-02,  1.0697232819E+00,  3.1270168841E-02,  1.1208115936E-02
  0.6760,  9.1629508425E-01,  1.0576013551E+00,  2.9605936270E-02,  1.0699372480E+00,  3.1376767046E-02,  1.1529547979E-02
  0.6780,  9.1857327266E-01,  1.0582315763E+00,  2.9867354926E-02,  1.0701512568E+00,  3.1483453071E-02,  1.1138313791E-02
  0.6800,  9.0483176040E-01,  1.0588191494E+00,  3.0062091150E-02,  1.0703653085E+00,  3.1590226974E-02,  1.0787120074E-02
  0.6820,  9.1299474301E-01,  1.0586389731E+00,  2.9947187653E-02,  1.0705794029E+00,  3.1697088811E-02,  1.1153240797E-02
  0.6840,  9.1847455224E-01,  1.0589724336E+00,  3.0118712382E-02,  1.0707935402E+00,  3.1804038639E-02,  1.1039575983E-02
  0.6860,  9.2396403956E-01,  1.0591253687E+00,  3.0056817121E-02,  1.0710077204E+00,  3.1911076516E-02,  1.1094552754E-02
  0.6880,  9.3491545299E-01,  1.0595699616E+00,  3.0173344776E-02,  1.0712219433E+00,  3.2018202498E-02,  1.0877280645E-02
  0.6900,  9.2279006656E-01,  1.0597714948E+00,  3.0244024067E-02,  1.0714362091E+00,  3.2125416642E-02,  1.0886989079E-02
  0.6920,  9.2057236525E-01,  1.0603194428E+00,  3.0496389283E-02,  1.0716505178E+00,  3.2232719005E-02,  1.0573479729E-02
  0.6940,  9.1615779260E-01,  1.0611379081E+00,  3.0575608235E-02,  1.0718648694E+00,  3.2340109644E-02,  1.0007755256E-02
  0.6960,  9.2776033748E-01,  1.0614260933E+00,  3.0605125263E-02,  1.0720792638E+00,  3.2447588617E-02,  9.9369242378E-03
  0.6980,  9.3134982908E-01,  1.0617561378E+00,  3.0813077380E-02,  1.0722937011E+00,  3.2555155980E-02,  9.8271240852E-03
  0.7000,  9.2234213063E-01,  1.0624498470E+00,  3.1051051532E-02,  1.0725081813E+00,  3.2662811791E-02,  9.3783287356E-03
  0.7020,  9.0801273679E-01,  1.0622608009E+00,  3.1193727267E-02,  1.0727227043E+00,  3.2770556106E-02,  9.7526634116E-03
  0.7040,  8.9712256341E-01,  1.0619045133E+00,  3.1376398562E-02,  1.0729372703E+00,  3.2878388984E-02,  1.0282760585E-02
  0.7060,  9.0591303068E-01,  1.0618156736E+00,  3.1333540533E-02,  1.0731518793E+00,  3.2986310480E-02,  1.0563468094E-02
  0.7080,  9.1088316123E-01,  1.0620950077E+00,  3.1041538140E-02,  1.0733665311E+00,  3.3094320654E-02,  1.0501094509E-02
  0.7100,  9.2301976365E-01,  1.0619578644E+00,  3.0876847078E-02,  1.0735812259E+00,  3.3202419561E-02,  1.0826718234E-02
  0.7120,  9.2059135136E-01,  1.0614957666E+00,  3.0859810705E-02,  1.0737959636E+00,  3.3310607259E-02,  1.1454873591E-02
  0.7140,  9.2823481625E-01,  1.0612042817E+00,  3.0873976431E-02,  1.0740107443E+00,  3.3418883806E-02,  1.1923961301E-02
  0.7160,  9.3275583799E-01,  1.0610207658E+00,  3.1285748370E-02,  1.0742255679E+00,  3.3527249260E-02,  1.2292392312E-02
  0.7180,  9.3517741915E-01,  1.0610764403E+00,  3.1393965672E-02,  1.0744404345E+00,  3.3635703676E-02,  1.2438096889E-02
  0.7200,  9.2653214030E-01,  1.0619146538E+00,  3.1769374592E-02,  1.0746553441E+00,  3.3744247114E-02,  1.1855605943E-02
  0.7220,  9.2737409230E-01,  1.0624963784E+00,  3.2143372310E-02,  1.0748702966E+00,  3.3852879630E-02,  1.1512010620E-02
  0.7240,  9.2119290640E-01,  1.0616901496E+00,  3.2061055067E-02,  1.0750852922E+00,  3.3961601282E-02,  1.2459609159E-02
  0.7260,  9.1619872104E-01,  1.0622625228E+00,  3.2304945594E-02,  1.0753003307E+00,  3.4070412128E-02,  1.2124806059E-02
  0.7280,  9.2656066100E-01,  1.0624823021E+00,  3.2566628534E-02,  1.0755154123E+00,  3.4179312225E-02,  1.2118013444E-02
  0.7300,  9.1319430791E-01,  1.0619433158E+00,  3.2423466094E-02,  1.0757305369E+00,  3.4288301631E-02,  1.2816612192E-02
  0.7320,  9.2414341075E-01,  1.0616713226E+00,  3.2351448577E-02,  1.0759457045E+00,  3.4397380404E-02,  1.3266823633E-02
  0.7340,  9.2827862253E-01,  1.0624410835E+00,  3.2182494711E-02,  1.0761609152E+00,  3.4506548601E-02,  1.2748866400E-02
  0.7360,  9.3860242207E-01,  1.0625358933E+00,  3.2510620512E-02,  1.0763761689E+00,  3.4615806281E-02,  1.2858214444E-02
  0.7380,  9.4440437303E-01,  1.0621977547E+00,  3.2594948580E-02,  1.0765914657E+00,  3.4725153500E-02,  1.3369705600E-02
  0.7400,  9.4544893430E-01,  1.0620401020E+00,  3.2451327118E-02,  1.0768068055E+00,  3.4834590317E-02,  1.3713419510E-02
  0.7420,  9.4823411525E-01,  1.0621035947E+00,  3.2355751307E-02,  1.0770221884E+00,  3.4944116789E-02,  1.3851705049E-02
  0.7440,  9.4059452530E-01,  1.0623190051E+00,  3.2649168529E-02,  1.0772376144E+00,  3.5053732975E-02,  1.3848949444E-02
  0.7460,  9.4049453984E-01,  1.0629375347E+00,  3.2891862979E-02,  1.0774530834E+00,  3.5163438933E-02,  1.3472093600E-02
  0.7480,  9.4544442649E-01,  1.0636022882E+00,  3.2615230932E-02,  1.0776685956E+00,  3.5273234719E-02,  1.3052535341E-02
  0.7500,  9.4448859664E-01,  1.0639494128E+00,  3.2736518609E-02,  1.0778841509E+00,  3.5383120394E-02,  1.2927862470E-02
  0.7520,  9.5556369231E-01,  1.0644843246E+00,  3.3054521568E-02,  1.0780997493E+00,  3.5493096013E-02,  1.2629095446E-02
  0.7540,  9.5571560625E-01,  1.0653630877E+00,  3.3366609676E-02,  1.0783153908E+00,  3.5603161636E-02,  1.2011609217E-02
  0.7560,  9.5245883776E-01,  1.0654535114E+00,  3.3802047117E-02,  1.0785310754E+00,  3.5713317321E-02,  1.2125347437E-02
  0.7580,  9.5575653278E-01,  1.0653012971E+00,  3.3857378397E-02,  1.0787468032E+00,  3.5823563125E-02,  1.2464005540E-02
  0.7600,  9.5119986236E-01,  1.0651994767E+00,  3.3874574676E-02,  1.0789625742E+00,  3.5933899107E-02,  1.2755861775E-02
  0.7620,  9.5901466662E-01,  1.0661359972E+00,  3.4197276426E-02,  1.0791783883E+00,  3.6044325325E-02,  1.2085482035E-02
  0.7640,  9.5990247207E-01,  1.0664752835E+00,  3.4291449628E-02,  1.0793942455E+00,  3.6154841838E-02,  1.1968714919E-02
  0.7660,  9.5893227787E-01,  1.0671724718E+00,  3.4470920653E-02,  1.0796101460E+00,  3.6265448703E-02,  1.1520523572E-02
  0.7680,  9.5622859567E-01,  1.0672189970E+00,  3.4633685149E-02,  1.0798260896E+00,  3.6376145979E-02,  1.1675113912E-02
  0.7700,  9.6697022003E-01,  1.0680120125E+00,  3.4756229648E-02,  1.0800420764E+00,  3.6486933724E-02,  1.1138514106E-02
  0.7720,  9.5748974458E-01,  1.0680678746E+00,  3.4954016402E-02,  1.0802581064E+00,  3.6597811997E-02,  1.1284554817E-02
  0.7740,  9.5460655887E-01,  1.0678019858E+00,  3.4741002731E-02,  1.0804741796E+00,  3.6708780855E-02,  1.1728363444E-02
  0.7760,  9.6726869283E-01,  1.0683424419E+00,  3.4748050074E-02,  1.0806902961E+00,  3.6819840358E-02,  1.1425895342E-02
  0.7780,  9.7604112985E-01,  1.0689121823E+00,  3.4822593013E-02,  1.0809064558E+00,  3.6930990564E-02,  1.1096495395E-02
  0.7800,  9.7497809655E-01,  1.0683337480E+00,  3.5007804602E-02,  1.0811226587E+00,  3.7042231531E-02,  1.1829287440E-02
  0.7820,  9.7472976402E-01,  1.0687530785E+00,  3.4890777780E-02,  1.0813389048E+00,  3.7153563318E-02,  1.1639113569E-02
  0.7840,  9.7025501984E-01,  1.0686882922E+00,  3.5094154960E-02,  1.0815551942E+00,  3.7264985984E-02,  1.1896666999E-02
  0.7860,  9.6861283707E-01,  1.0697830441E+00,  3.5242231859E-02,  1.0817715269E+00,  3.7376499587E-02,  1.1082268742E-02
  0.7880,  9.6724208525E-01,  1.0692413946E+00,  3.5262067693E-02,  1.0819879028E+00,  3.7488104185E-02,  1.1780638372E-02
  0.7900,  9.6133489318E-01,  1.0698751252E+00,  3.5190196332E-02,  1.0822043221E+00,  3.7599799838E-02,  1.1392670116E-02
  0.7920,  9.4989173843E-01,  1.0701722704E+00,  3.4924633923E-02,  1.0824207846E+00,  3.7711586603E-02,  1.1315852680E-02
  0.7940,  9.5954841832E-01,  1.0710218006E+00,  3.5232878875E-02,  1.0826372904E+00,  3.7823464541E-02,  1.0728883900E-02
  0.7960,  9.6153432927E-01,  1.0713853810E+00,  3.5367179693E-02,  1.0828538395E+00,  3.7935433709E-02,  1.0590957048E-02
  0.7980,  9.4801341176E-01,  1.0719886715E+00,  3.5493257639E-02,  1.0830704319E+00,  3.8047494167E-02,  1.0231800328E-02
  0.8000,  9.3724617565E-01,  1.0719069641E+00,  3.5592593438E-02,  1.0832870677E+00,  3.8159645973E-02,  1.0505159629E-02
  0.8020,  9.3913339623E-01,  1.0724847303E+00,  3.5739697153E-02,  1.0835037468E+00,  3.8271889186E-02,  1.0169800018E-02
  0.8040,  9.4033578095E-01,  1.0722944011E+00,  3.6023961049E-02,  1.0837204692E+00,  3.8384223865E-02,  1.0543372003E-02
  0.8060,  9.3892909000E-01,  1.0725426015E+00,  3.6112464394E-02,  1.0839372349E+00,  3.8496650070E-02,  1.0512263162E-02
  0.8080,  9.5302046619E-01,  1.0725483016E+00,  3.6001335180E-02,  1.0841540441E+00,  3.8609167858E-02,  1.0704883249E-02
  0.8100,  9.5141359803E-01,  1.0732362389E+00,  3.6332744892E-02,  1.0843708966E+00,  3.8721777289E-02,  1.0268311011E-02
  0.8120,  9.4805192124E-01,  1.0735148165E+00,  3.6463178083E-02,  1.0845877924E+00,  3.8834478422E-02,  1.0209386499E-02
  0.8140,  9.5230142473E-01,  1.0738722111E+00,  3.6352594704E-02,  1.0848047317E+00,  3.8947271317E-02,  1.0077869568E-02
  0.8160,  9.5435328126E-01,  1.0743332487E+00,  3.6251543304E-02,  1.0850217143E+00,  3.9060156031E-02,  9.8509232262E-03
  0.8180,  9.4919054157E-01,  1.0750484943E+00,  3.6149660481E-02,  1.0852387404E+00,  3.9173132626E-02,  9.3898657028E-03
  0.8200,  9.5781480499E-01,  1.0758140663E+00,  3.6208829684E-02,  1.0854558098E+00,  3.9286201158E-02,  8.8826679766E-03
  0.8220,  9.6152809438E-01,  1.0763750664E+00,  3.6394384746E-02,  1.0856729227E+00,  3.9399361689E-02,  8.5641413109E-03
  0.8240,  9.5599432824E-01,  1.0768938234E+00,  3.6925917005E-02,  1.0858900790E+00,  3.9512614276E-02,  8.2846834936E-03
  0.8260,  9.4404316131E-01,  1.0771120824E+00,  3.6847403172E-02,  1.0861072787E+00,  3.9625958981E-02,  8.2820514060E-03
  0.8280,  9.4912184938E-01,  1.0769292445E+00,  3.6954970233E-02,  1.0863245219E+00,  3.9739395860E-02,  8.6486838861E-03
  0.8300,  9.3718197339E-01,  1.0768983152E+00,  3.6729646130E-02,  1.0865418085E+00,  3.9852924975E-02,  8.8754001216E-03
  0.8320,  9.3003012958E-01,  1.0775028058E+00,  3.7103608593E-02,  1.0867591386E+00,  3.9966546384E-02,  8.5173728905E-03
  0.8340,  9.2656225500E-01,  1.0775463127E+00,  3.7469111067E-02,  1.0869765122E+00,  4.0080260147E-02,  8.6756240352E-03
  0.8360,  9.2195374258E-01,  1.0774928813E+00,  3.7423170797E-02,  1.0871939293E+00,  4.0194066324E-02,  8.9230152217E-03
  0.8380,  9.3244118958E-01,  1.0773553949E+00,  3.7895562499E-02,  1.0874113898E+00,  4.0307964973E-02,  9.2476453917E-03
  0.8400,  9.2518895653E-01,  1.0779236169E+00,  3.8072191074E-02,  1.0876288938E+00,  4.0421956155E-02,  8.9233349045E-03
  0.8420,  9.2912050313E-01,  1.0777231941E+00,  3.8253981422E-02,  1.0878464413E+00,  4.0536039929E-02,  9.3057685566E-03
  0.8440,  9.3388456475E-01,  1.0777111460E+00,  3.8436651046E-02,  1.0880640324E+00,  4.0650216354E-02,  9.5149605726E-03
  0.8460,  9.3552528068E-01,  1.0776766343E+00,  3.8826994345E-02,  1.0882816670E+00,  4.0764485491E-02,  9.7447498694E-03
  0.8480,  9.2511253356E-01,  1.0773842164E+00,  3.9118122449E-02,  1.0884993451E+00,  4.0878847398E-02,  1.0211424262E-02
  0.8500,  9.2125345088E-01,  1.0773319567E+00,  3.9252409464E-02,  1.0887170667E+00,  4.0993302136E-02,  1.0457363433E-02
  0.8520,  9.2637334647E-01,  1.0778005772E+00,  3.9299687009E-02,  1.0889348319E+00,  4.1107849764E-02,  1.0224904524E-02
  0.8540,  9.2989794434E-01,  1.0782003702E+00,  3.9331781296E-02,  1.0891526406E+00,  4.1222490342E-02,  1.0055771823E-02
  0.8560,  9.3435837883E-01,  1.0789351822E+00,  3.9410132826E-02,  1.0893704929E+00,  4.1337223931E-02,  9.5792118986E-03
  0.8580,  9.3831221233E-01,  1.0795630292E+00,  3.9498572235E-02,  1.0895883888E+00,  4.1452050589E-02,  9.2010521510E-03
  0.8600,  9.3937480202E-01,  1.0796154113E+00,  3.9363751461E-02,  1.0898063283E+00,  4.1566970376E-02,  9.3511266523E-03
  0.8620,  9.4738947994E-01,  1.0799504163E+00,  3.9355008910E-02,  1.0900243114E+00,  4.1681983354E-02,  9.2418994272E-03
  0.8640,  9.4636841554E-01,  1.0807283831E+00,  3.9836068292E-02,  1.0902423380E+00,  4.1797089580E-02,  8.7264588432E-03
  0.8660,  9.4558986232E-01,  1.0811219300E+00,  3.9731264185E-02,  1.0904604083E+00,  4.1912289116E-02,  8.5637940170E-03
  0.8680,  9.5503871704E-01,  1.0819103668E+00,  3.9947129651E-02,  1.0906785222E+00,  4.2027582022E-02,  8.0391748757E-03
  0.8700,  9.4358496944E-01,  1.0825728874E+00,  4.0020805695E-02,  1.0908966797E+00,  4.2142968357E-02,  7.6302297633E-03
  0.8720,  9.4342746605E-01,  1.0832912474E+00,  4.0000197262E-02,  1.0911148809E+00,  4.2258448182E-02,  7.1703113882E-03
  0.8740,  9.4290160138E-01,  1.0831120691E+00,  4.0232606838E-02,  1.0913331257E+00,  4.2374021557E-02,  7.5330404011E-03
  0.8760,  9.3864624352E-01,  1.0837956990E+00,  4.0833840006E-02,  1.0915514141E+00,  4.2489688542E-02,  7.1052220184E-03
  0.8780,  9.5245700971E-01,  1.0838773948E+00,  4.0737718479E-02,  1.0917697462E+00,  4.2605449196E-02,  7.2289523129E-03
  0.8800,  9.5348116208E-01,  1.0844121872E+00,  4.0662099418E-02,  1.0919881220E+00,  4.2721303582E-02,  6.9377447142E-03
  0.8820,  9.6630734459E-01,  1.0844872909E+00,  4.0666818128E-02,  1.0922065415E+00,  4.2837251757E-02,  7.0675740007E-03
  0.8840,  9.7051254293E-01,  1.0847233568E+00,  4.0904793369E-02,  1.0924250046E+00,  4.2953293784E-02,  7.0500472302E-03
  0.8860,  9.7533644486E-01,  1.0844815999E+00,  4.0572988986E-02,  1.0926435115E+00,  4.3069429722E-02,  7.4698760069E-03
  0.8880,  9.8638267797E-01,  1.0840927755E+00,  4.0342725230E-02,  1.0928620621E+00,  4.3185659632E-02,  8.0241476252E-03
  0.8900,  9.9751389604E-01,  1.0840361929E+00,  4.0210933864E-02,  1.0930806563E+00,  4.3301983573E-02,  8.2742872942E-03
  0.8920,  9.8322757166E-01,  1.0841167056E+00,  4.0308388934E-02,  1.0932992943E+00,  4.3418401607E-02,  8.3989707124E-03
  0.8940,  9.8601699515E-01,  1.0841162270E+00,  4.0348087167E-02,  1.0935179760E+00,  4.3534913795E-02,  8.5977087253E-03
  0.8960,  9.8833856630E-01,  1.0853468992E+00,  4.0819498441E-02,  1.0937367015E+00,  4.3651520195E-02,  7.6707696375E-03
  0.8980,  9.7431546197E-01,  1.0855119306E+00,  4.0661546929E-02,  1.0939554707E+00,  4.3768220870E-02,  7.7183581976E-03
  0.9000,  9.7643515645E-01,  1.0849160968E+00,  4.0723675515E-02,  1.0941742837E+00,  4.3885015879E-02,  8.4613457328E-03
  0.9020,  9.8097353316E-01,  1.0856909046E+00,  4.0840608928E-02,  1.0943931404E+00,  4.4001905283E-02,  7.9516542757E-03
  0.9040,  9.8458603692E-01,  1.0860022114E+00,  4.0938359254E-02,  1.0946120410E+00,  4.4118889143E-02,  7.8656448875E-03
  0.9060,  9.7571102950E-01,  1.0862039292E+00,  4.1134027740E-02,  1.0948309853E+00,  4.4235967520E-02,  7.8798062322E-03
  0.9080,  9.6783741772E-01,  1.0866774673E+00,  4.1403566318E-02,  1.0950499734E+00,  4.4353140474E-02,  7.6457753245E-03
  0.9100,  9.7392193060E-01,  1.0865911990E+00,  4.1566606090E-02,  1.0952690053E+00,  4.4470408066E-02,  7.9229907980E-03
  0.9120,  9.6854422324E-01,  1.0867566871E+00,  4.1851804948E-02,  1.0954880810E+00,  4.4587770357E-02,  7.9703230484E-03
  0.9140,  9.6610566928E-01,  1.0867184941E+00,  4.2310743250E-02,  1.0957072005E+00,  4.4705227408E-02,  8.2035660567E-03
  0.9160,  9.4949628176E-01,  1.0872736256E+00,  4.2640823261E-02,  1.0959263638E+00,  4.4822779279E-02,  7.8953646146E-03
  0.9180,  9.4814393115E-01,  1.0878246281E+00,  4.2806404243E-02,  1.0961455710E+00,  4.4940426032E-02,  7.5910930074E-03
  0.9200,  9.6022639318E-01,  1.0880304719E+00,  4.3210377260E-02,  1.0963648221E+00,  4.5058167726E-02,  7.6018036858E-03
  0.9220,  9.7066147427E-01,  1.0882911096E+00,  4.3415217579E-02,  1.0965841170E+00,  4.5176004425E-02,  7.5625820414E-03
  0.9240,  9.7000412279E-01,  1.0889588658E+00,  4.3829346249E-02,  1.0968034557E+00,  4.5293936187E-02,  7.1522294533E-03
  0.9260,  9.9310856520E-01,  1.0887294120E+00,  4.4131303279E-02,  1.0970228384E+00,  4.5411963075E-02,  7.5599395395E-03
  0.9280,  1.0027890134E+00,  1.0897277900E+00,  4.4307077961E-02,  1.0972422649E+00,  4.5530085149E-02,  6.8485102684E-03
  0.9300,  1.0021554204E+00,  1.0903693108E+00,  4.4482967239E-02,  1.0974617353E+00,  4.5648302471E-02,  6.4625710447E-03
  0.9320,  9.9275992342E-01,  1.0913469637E+00,  4.4707694858E-02,  1.0976812496E+00,  4.5766615102E-02,  5.7706058991E-03
  0.9340,  9.8851933124E-01,  1.0911667359E+00,  4.4708869292E-02,  1.0979008078E+00,  4.5885023102E-02,  6.1335886156E-03
  0.9360,  9.9098072385E-01,  1.0912689766E+00,  4.4561946287E-02,  1.0981204099E+00,  4.6003526534E-02,  6.2392368493E-03
  0.9380,  9.7708284800E-01,  1.0916944436E+00,  4.4550089369E-02,  1.0983400559E+00,  4.6122125458E-02,  6.0505963209E-03
  0.9400,  9.7178869013E-01,  1.0917844855E+00,  4.4986811417E-02,  1.0985597459E+00,  4.6240819935E-02,  6.1674027485E-03
  0.9420,  9.6909608584E-01,  1.0919321219E+00,  4.4637600312E-02,  1.0987794798E+00,  4.6359610028E-02,  6.2317854464E-03
  0.9440,  9.7214033207E-01,  1.0918345832E+00,  4.4749262987E-02,  1.0989992577E+00,  4.6478495796E-02,  6.5192714463E-03
  0.9460,  9.7180918099E-01,  1.0923481246E+00,  4.5161538702E-02,  1.0992190795E+00,  4.6597477303E-02,  6.2507602663E-03
  0.9480,  9.5892026171E-01,  1.0924792233E+00,  4.5266047567E-02,  1.0994389453E+00,  4.6716554609E-02,  6.3302487735E-03
  0.9500,  9.7241292203E-01,  1.0918583091E+00,  4.5121609307E-02,  1.0996588551E+00,  4.6835727775E-02,  7.0936053925E-03
  0.9520,  9.6201715185E-01,  1.0924414420E+00,  4.5160559409E-02,  1.0998788089E+00,  4.6954996864E-02,  6.7619876170E-03
  0.9540,  9.5781360846E-01,  1.0923885605E+00,  4.5484881344E-02,  1.1000988067E+00,  4.7074361936E-02,  7.0086851085E-03
  0.9560,  9.4929424976E-01,  1.0925347329E+00,  4.5807677668E-02,  1.1003188484E+00,  4.7193823053E-02,  7.0744180616E-03
  0.9580,  9.5430462951E-01,  1.0927039874E+00,  4.5980457911E-02,  1.1005389342E+00,  4.7313380277E-02,  7.1191909495E-03
  0.9600,  9.4011751537E-01,  1.0927078356E+00,  4.5888408758E-02,  1.1007590640E+00,  4.7433033670E-02,  7.3142513178E-03
  0.9620,  9.4861939957E-01,  1.0929709668E+00,  4.6140236228E-02,  1.1009792378E+00,  4.7552783293E-02,  7.2737711463E-03
  0.9640,  9.4254312917E-01,  1.0930004274E+00,  4.6159757191E-02,  1.1011994557E+00,  4.7672629208E-02,  7.4455433698E-03
  0.9660,  9.3486690977E-01,  1.0928492791E+00,  4.5751335852E-02,  1.1014197176E+00,  4.7792571476E-02,  7.7812647931E-03
  0.9680,  9.3606244715E-01,  1.0928564121E+00,  4.6224956686E-02,  1.1016400236E+00,  4.7912610160E-02,  7.9732138562E-03
  0.9700,  9.3441586228E-01,  1.0924727224E+00,  4.6057953397E-02,  1.1018603736E+00,  4.8032745321E-02,  8.5198192503E-03
  0.9720,  9.4320464360E-01,  1.0921019971E+00,  4.6351899743E-02,  1.1020807677E+00,  4.8152977021E-02,  9.0544821382E-03
  0.9740,  9.3312618188E-01,  1.0920059164E+00,  4.6379025926E-02,  1.1023012059E+00,  4.8273305323E-02,  9.3398151903E-03
  0.9760,  9.3020548443E-01,  1.0920950288E+00,  4.6363544980E-02,  1.1025216882E+00,  4.8393730287E-02,  9.4571014602E-03
  0.9780,  9.2916681412E-01,  1.0921472137E+00,  4.6860686814E-02,  1.1027422146E+00,  4.8514251976E-02,  9.6078673055E-03
  0.9800,  9.1926375724E-01,  1.0928742136E+00,  4.7232087448E-02,  1.1029627851E+00,  4.8634870452E-02,  9.1467923063E-03
  0.9820,  9.2387573954E-01,  1.0928462382E+00,  4.6866261402E-02,  1.1031833997E+00,  4.8755585777E-02,  9.3703019249E-03
  0.9840,  9.0742103234E-01,  1.0933747742E+00,  4.7293505679E-02,  1.1034040585E+00,  4.8876398013E-02,  9.0894031230E-03
  0.9860,  9.1481203777E-01,  1.0933189533E+00,  4.7414525667E-02,  1.1036247614E+00,  4.8997307223E-02,  9.3381449625E-03
  0.9880,  9.2367185836E-01,  1.0938305290E+00,  4.7932048647E-02,  1.1038455084E+00,  4.9118313467E-02,  9.0728089620E-03
  0.9900,  9.1645059325E-01,  1.0941773796E+00,  4.8282629067E-02,  1.1040662996E+00,  4.9239416809E-02,  8.9568171201E-03
  0.9920,  9.1608640788E-01,  1.0942805985E+00,  4.8214620411E-02,  1.1042871349E+00,  4.9360617311E-02,  9.0615349236E-03
  0.9940,  9.0286635673E-01,  1.0938801885E+00,  4.8346783627E-02,  1.1045080144E+00,  4.9481915035E-02,  9.6222261214E-03
  0.9960,  9.0534876169E-01,  1.0944362590E+00,  4.8315796271E-02,  1.1047289381E+00,  4.9603310043E-02,  9.3169272139E-03
  0.9980,  9.1531387101E-01,  1.0953475306E+00,  4.8590140248E-02,  1.1049499060E+00,  4.9724802398E-02,  8.6903264263E-03
  1.0000,  9.2234638456E-01,  1.0953366685E+00,  4.8699465287E-02,  1.1051709181E+00,  4.9846392161E-02,  8.8983970253E-03
