xc,omega,STFT_mag
   -4.990215, -5.0000000000E-01,  2.7634212867E-06
   -4.990215, -4.8437500000E-01,  2.7654803246E-06
   -4.990215, -4.6875000000E-01,  2.7674777956E-06
   -4.990215, -4.5312500000E-01,  2.7694133418E-06
   -4.990215, -4.3750000000E-01,  2.7712866152E-06
   -4.990215, -4.2187500000E-01,  2.7730972784E-06
   -4.990215, -4.0625000000E-01,  2.7748450044E-06
   -4.990215, -3.9062500000E-01,  2.7765294769E-06
   -4.990215, -3.7500000000E-01,  2.7781503900E-06
   -4.990215, -3.5937500000E-01,  2.7797074491E-06
   -4.990215, -3.4375000000E-01,  2.7812003704E-06
   -4.990215, -3.2812500000E-01,  2.7826288813E-06
   -4.990215, -3.1250000000E-01,  2.7839927204E-06
   -4.990215, -2.9687500000E-01,  2.7852916378E-06
   -4.990215, -2.8125000000E-01,  2.7865253949E-06
   -4.990215, -2.6562500000E-01,  2.7876937648E-06
   -4.990215, -2.5000000000E-01,  2.7887965323E-06
   -4.990215, -2.3437500000E-01,  2.7898334939E-06
   -4.990215, -2.1875000000E-01,  2.7908044579E-06
   -4.990215, -2.0312500000E-01,  2.7917092449E-06
   -4.990215, -1.8750000000E-01,  2.7925476872E-06
   -4.990215, -1.7187500000E-01,  2.7933196293E-06
   -4.990215, -1.5625000000E-01,  2.7940249279E-06
   -4.990215, -1.4062500000E-01,  2.7946634519E-06
   -4.990215, -1.2500000000E-01,  2.7952350827E-06
   -4.990215, -1.0937500000E-01,  2.7957397138E-06
   -4.990215, -9.3750000000E-02,  2.7961772511E-06
   -4.990215, -7.8125000000E-02,  2.7965476133E-06
   -4.990215, -6.2500000000E-02,  2.7968507312E-06
   -4.990215, -4.6875000000E-02,  2.7970865482E-06
   -4.990215, -3.1250000000E-02,  2.7972550204E-06
   -4.990215, -1.5625000000E-02,  2.7973561163E-06
   -4.990215,  0.0000000000E+00,  2.7973898170E-06
   -4.990215,  1.5625000000E-02,  2.7973561163E-06
   -4.990215,  3.1250000000E-02,  2.7972550204E-06
   -4.990215,  4.6875000000E-02,  2.7970865482E-06
   -4.990215,  6.2500000000E-02,  2.7968507312E-06
   -4.990215,  7.8125000000E-02,  2.7965476133E-06
   -4.990215,  9.3750000000E-02,  2.7961772511E-06
   -4.990215,  1.0937500000E-01,  2.7957397138E-06
   -4.990215,  1.2500000000E-01,  2.7952350827E-06
   -4.990215,  1.4062500000E-01,  2.7946634519E-06
   -4.990215,  1.5625000000E-01,  2.7940249279E-06
   -4.990215,  1.7187500000E-01,  2.7933196293E-06
   -4.990215,  1.8750000000E-01,  2.7925476872E-06
   -4.990215,  2.0312500000E-01,  2.7917092449E-06
   -4.990215,  2.1875000000E-01,  2.7908044579E-06
   -4.990215,  2.3437500000E-01,  2.7898334939E-06
   -4.990215,  2.5000000000E-01,  2.7887965323E-06
   -4.990215,  2.6562500000E-01,  2.7876937648E-06
   -4.990215,  2.8125000000E-01,  2.7865253949E-06
   -4.990215,  2.9687500000E-01,  2.7852916378E-06
   -4.990215,  3.1250000000E-01,  2.7839927204E-06
   -4.990215,  3.2812500000E-01,  2.7826288813E-06
   -4.990215,  3.4375000000E-01,  2.7812003704E-06
   -4.990215,  3.5937500000E-01,  2.7797074491E-06
   -4.990215,  3.7500000000E-01,  2.7781503900E-06
   -4.990215,  3.9062500000E-01,  2.7765294769E-06
   -4.990215,  4.0625000000E-01,  2.7748450044E-06
   -4.990215,  4.2187500000E-01,  2.7730972784E-06
   -4.990215,  4.3750000000E-01,  2.7712866152E-06
   -4.990215,  4.5312500000E-01,  2.7694133418E-06
   -4.990215,  4.6875000000E-01,  2.7674777956E-06
   -4.990215,  4.8437500000E-01,  2.7654803246E-06
   -4.363992, -5.0000000000E-01,  2.3379278974E-04
   -4.363992, -4.8437500000E-01,  2.3402839051E-04
   -4.363992, -4.6875000000E-01,  2.3425707312E-04
   -4.363992, -4.5312500000E-01,  2.3447878502E-04
   -4.363992, -4.3750000000E-01,  2.3469347514E-04
   -4.363992, -4.2187500000E-01,  2.3490109385E-04
   -4.363992, -4.0625000000E-01,  2.3510159301E-04
   -4.363992, -3.9062500000E-01,  2.3529492600E-04
   -4.363992, -3.7500000000E-01,  2.3548104774E-04
   -4.363992, -3.5937500000E-01,  2.3565991471E-04
   -4.363992, -3.4375000000E-01,  2.3583148499E-04
   -4.363992, -3.2812500000E-01,  2.3599571824E-04
   -4.363992, -3.1250000000E-01,  2.3615257580E-04
   -4.363992, -2.9687500000E-01,  2.3630202062E-04
   -4.363992, -2.8125000000E-01,  2.3644401735E-04
   -4.363992, -2.6562500000E-01,  2.3657853232E-04
   -4.363992, -2.5000000000E-01,  2.3670553359E-04
   -4.363992, -2.3437500000E-01,  2.3682499093E-04
   -4.363992, -2.1875000000E-01,  2.3693687587E-04
   -4.363992, -2.0312500000E-01,  2.3704116168E-04
   -4.363992, -1.8750000000E-01,  2.3713782344E-04
   -4.363992, -1.7187500000E-01,  2.3722683800E-04
   -4.363992, -1.5625000000E-01,  2.3730818402E-04
   -4.363992, -1.4062500000E-01,  2.3738184197E-04
   -4.363992, -1.2500000000E-01,  2.3744779415E-04
   -4.363992, -1.0937500000E-01,  2.3750602469E-04
   -4.363992, -9.3750000000E-02,  2.3755651958E-04
   -4.363992, -7.8125000000E-02,  2.3759926665E-04
   -4.363992, -6.2500000000E-02,  2.3763425561E-04
   -4.363992, -4.6875000000E-02,  2.3766147800E-04
   -4.363992, -3.1250000000E-02,  2.3768092726E-04
   -4.363992, -1.5625000000E-02,  2.3769259869E-04
   -4.363992,  0.0000000000E+00,  2.3769648948E-04
   -4.363992,  1.5625000000E-02,  2.3769259869E-04
   -4.363992,  3.1250000000E-02,  2.3768092726E-04
   -4.363992,  4.6875000000E-02,  2.3766147800E-04
   -4.363992,  6.2500000000E-02,  2.3763425561E-04
   -4.363992,  7.8125000000E-02,  2.3759926665E-04
   -4.363992,  9.3750000000E-02,  2.3755651958E-04
   -4.363992,  1.0937500000E-01,  2.3750602469E-04
   -4.363992,  1.2500000000E-01,  2.3744779415E-04
   -4.363992,  1.4062500000E-01,  2.3738184197E-04
   -4.363992,  1.5625000000E-01,  2.3730818402E-04
   -4.363992,  1.7187500000E-01,  2.3722683800E-04
   -4.363992,  1.8750000000E-01,  2.3713782344E-04
   -4.363992,  2.0312500000E-01,  2.3704116168E-04
   -4.363992,  2.1875000000E-01,  2.3693687587E-04
   -4.363992,  2.3437500000E-01,  2.3682499093E-04
   -4.363992,  2.5000000000E-01,  2.3670553359E-04
   -4.363992,  2.6562500000E-01,  2.3657853232E-04
   -4.363992,  2.8125000000E-01,  2.3644401735E-04
   -4.363992,  2.9687500000E-01,  2.3630202062E-04
   -4.363992,  3.1250000000E-01,  2.3615257580E-04
   -4.363992,  3.2812500000E-01,  2.3599571824E-04
   -4.363992,  3.4375000000E-01,  2.3583148499E-04
   -4.363992,  3.5937500000E-01,  2.3565991471E-04
   -4.363992,  3.7500000000E-01,  2.3548104774E-04
   -4.363992,  3.9062500000E-01,  2.3529492600E-04
   -4.363992,  4.0625000000E-01,  2.3510159301E-04
   -4.363992,  4.2187500000E-01,  2.3490109385E-04
   -4.363992,  4.3750000000E-01,  2.3469347514E-04
   -4.363992,  4.5312500000E-01,  2.3447878502E-04
   -4.363992,  4.6875000000E-01,  2.3425707312E-04
   -4.363992,  4.8437500000E-01,  2.3402839051E-04
   -3.737769, -5.0000000000E-01,  9.3159403285E-03
   -3.737769, -4.8437500000E-01,  9.3291433258E-03
   -3.737769, -4.6875000000E-01,  9.3419686718E-03
   -3.737769, -4.5312500000E-01,  9.3544125179E-03
   -3.737769, -4.3750000000E-01,  9.3664711151E-03
   -3.737769, -4.2187500000E-01,  9.3781408164E-03
   -3.737769, -4.0625000000E-01,  9.3894180792E-03
   -3.737769, -3.9062500000E-01,  9.4002994681E-03
   -3.737769, -3.7500000000E-01,  9.4107816568E-03
   -3.737769, -3.5937500000E-01,  9.4208614302E-03
   -3.737769, -3.4375000000E-01,  9.4305356873E-03
   -3.737769, -3.2812500000E-01,  9.4398014425E-03
   -3.737769, -3.1250000000E-01,  9.4486558280E-03
   -3.737769, -2.9687500000E-01,  9.4570960960E-03
   -3.737769, -2.8125000000E-01,  9.4651196202E-03
   -3.737769, -2.6562500000E-01,  9.4727238976E-03
   -3.737769, -2.5000000000E-01,  9.4799065507E-03
   -3.737769, -2.3437500000E-01,  9.4866653285E-03
   -3.737769, -2.1875000000E-01,  9.4929981086E-03
   -3.737769, -2.0312500000E-01,  9.4989028986E-03
   -3.737769, -1.8750000000E-01,  9.5043778370E-03
   -3.737769, -1.7187500000E-01,  9.5094211951E-03
   -3.737769, -1.5625000000E-01,  9.5140313780E-03
   -3.737769, -1.4062500000E-01,  9.5182069256E-03
   -3.737769, -1.2500000000E-01,  9.5219465139E-03
   -3.737769, -1.0937500000E-01,  9.5252489554E-03
   -3.737769, -9.3750000000E-02,  9.5281132008E-03
   -3.737769, -7.8125000000E-02,  9.5305383387E-03
   -3.737769, -6.2500000000E-02,  9.5325235972E-03
   -3.737769, -4.6875000000E-02,  9.5340683439E-03
   -3.737769, -3.1250000000E-02,  9.5351720864E-03
   -3.737769, -1.5625000000E-02,  9.5358344727E-03
   -3.737769,  0.0000000000E+00,  9.5360552916E-03
   -3.737769,  1.5625000000E-02,  9.5358344727E-03
   -3.737769,  3.1250000000E-02,  9.5351720864E-03
   -3.737769,  4.6875000000E-02,  9.5340683439E-03
   -3.737769,  6.2500000000E-02,  9.5325235972E-03
   -3.737769,  7.8125000000E-02,  9.5305383387E-03
   -3.737769,  9.3750000000E-02,  9.5281132008E-03
   -3.737769,  1.0937500000E-01,  9.5252489554E-03
   -3.737769,  1.2500000000E-01,  9.5219465139E-03
   -3.737769,  1.4062500000E-01,  9.5182069256E-03
   -3.737769,  1.5625000000E-01,  9.5140313780E-03
   -3.737769,  1.7187500000E-01,  9.5094211951E-03
   -3.737769,  1.8750000000E-01,  9.5043778370E-03
   -3.737769,  2.0312500000E-01,  9.4989028986E-03
   -3.737769,  2.1875000000E-01,  9.4929981086E-03
   -3.737769,  2.3437500000E-01,  9.4866653285E-03
   -3.737769,  2.5000000000E-01,  9.4799065507E-03
   -3.737769,  2.6562500000E-01,  9.4727238976E-03
   -3.737769,  2.8125000000E-01,  9.4651196202E-03
   -3.737769,  2.9687500000E-01,  9.4570960960E-03
   -3.737769,  3.1250000000E-01,  9.4486558280E-03
   -3.737769,  3.2812500000E-01,  9.4398014425E-03
   -3.737769,  3.4375000000E-01,  9.4305356873E-03
   -3.737769,  3.5937500000E-01,  9.4208614302E-03
   -3.737769,  3.7500000000E-01,  9.4107816568E-03
   -3.737769,  3.9062500000E-01,  9.4002994681E-03
   -3.737769,  4.0625000000E-01,  9.3894180792E-03
   -3.737769,  4.2187500000E-01,  9.3781408164E-03
   -3.737769,  4.3750000000E-01,  9.3664711151E-03
   -3.737769,  4.5312500000E-01,  9.3544125179E-03
   -3.737769,  4.6875000000E-01,  9.3419686718E-03
   -3.737769,  4.8437500000E-01,  9.3291433258E-03
   -3.111546, -5.0000000000E-01,  1.7699693921E-01
   -3.111546, -4.8437500000E-01,  1.7736639166E-01
   -3.111546, -4.6875000000E-01,  1.7772567838E-01
   -3.111546, -4.5312500000E-01,  1.7807465608E-01
   -3.111546, -4.3750000000E-01,  1.7841318489E-01
   -3.111546, -4.2187500000E-01,  1.7874112850E-01
   -3.111546, -4.0625000000E-01,  1.7905835428E-01
   -3.111546, -3.9062500000E-01,  1.7936473336E-01
   -3.111546, -3.7500000000E-01,  1.7966014077E-01
   -3.111546, -3.5937500000E-01,  1.7994445553E-01
   -3.111546, -3.4375000000E-01,  1.8021756075E-01
   -3.111546, -3.2812500000E-01,  1.8047934376E-01
   -3.111546, -3.1250000000E-01,  1.8072969616E-01
   -3.111546, -2.9687500000E-01,  1.8096851395E-01
   -3.111546, -2.8125000000E-01,  1.8119569761E-01
   -3.111546, -2.6562500000E-01,  1.8141115216E-01
   -3.111546, -2.5000000000E-01,  1.8161478731E-01
   -3.111546, -2.3437500000E-01,  1.8180651746E-01
   -3.111546, -2.1875000000E-01,  1.8198626183E-01
   -3.111546, -2.0312500000E-01,  1.8215394449E-01
   -3.111546, -1.8750000000E-01,  1.8230949449E-01
   -3.111546, -1.7187500000E-01,  1.8245284583E-01
   -3.111546, -1.5625000000E-01,  1.8258393761E-01
   -3.111546, -1.4062500000E-01,  1.8270271402E-01
   -3.111546, -1.2500000000E-01,  1.8280912444E-01
   -3.111546, -1.0937500000E-01,  1.8290312342E-01
   -3.111546, -9.3750000000E-02,  1.8298467079E-01
   -3.111546, -7.8125000000E-02,  1.8305373165E-01
   -3.111546, -6.2500000000E-02,  1.8311027642E-01
   -3.111546, -4.6875000000E-02,  1.8315428086E-01
   -3.111546, -3.1250000000E-02,  1.8318572610E-01
   -3.111546, -1.5625000000E-02,  1.8320459865E-01
   -3.111546,  0.0000000000E+00,  1.8321089040E-01
   -3.111546,  1.5625000000E-02,  1.8320459865E-01
   -3.111546,  3.1250000000E-02,  1.8318572610E-01
   -3.111546,  4.6875000000E-02,  1.8315428086E-01
   -3.111546,  6.2500000000E-02,  1.8311027642E-01
   -3.111546,  7.8125000000E-02,  1.8305373165E-01
   -3.111546,  9.3750000000E-02,  1.8298467079E-01
   -3.111546,  1.0937500000E-01,  1.8290312342E-01
   -3.111546,  1.2500000000E-01,  1.8280912444E-01
   -3.111546,  1.4062500000E-01,  1.8270271402E-01
   -3.111546,  1.5625000000E-01,  1.8258393761E-01
   -3.111546,  1.7187500000E-01,  1.8245284583E-01
   -3.111546,  1.8750000000E-01,  1.8230949449E-01
   -3.111546,  2.0312500000E-01,  1.8215394449E-01
   -3.111546,  2.1875000000E-01,  1.8198626183E-01
   -3.111546,  2.3437500000E-01,  1.8180651746E-01
   -3.111546,  2.5000000000E-01,  1.8161478731E-01
   -3.111546,  2.6562500000E-01,  1.8141115216E-01
   -3.111546,  2.8125000000E-01,  1.8119569761E-01
   -3.111546,  2.9687500000E-01,  1.8096851395E-01
   -3.111546,  3.1250000000E-01,  1.8072969616E-01
   -3.111546,  3.2812500000E-01,  1.8047934376E-01
   -3.111546,  3.4375000000E-01,  1.8021756075E-01
   -3.111546,  3.5937500000E-01,  1.7994445553E-01
   -3.111546,  3.7500000000E-01,  1.7966014077E-01
   -3.111546,  3.9062500000E-01,  1.7936473336E-01
   -3.111546,  4.0625000000E-01,  1.7905835428E-01
   -3.111546,  4.2187500000E-01,  1.7874112850E-01
   -3.111546,  4.3750000000E-01,  1.7841318489E-01
   -3.111546,  4.5312500000E-01,  1.7807465608E-01
   -3.111546,  4.6875000000E-01,  1.7772567838E-01
   -3.111546,  4.8437500000E-01,  1.7736639166E-01
   -2.485323, -5.0000000000E-01,  1.6354886499E+00
   -2.485323, -4.8437500000E-01,  1.6407842275E+00
   -2.485323, -4.6875000000E-01,  1.6459422606E+00
   -2.485323, -4.5312500000E-01,  1.6509599862E+00
   -2.485323, -4.3750000000E-01,  1.6558347010E+00
   -2.485323, -4.2187500000E-01,  1.6605637643E+00
   -2.485323, -4.0625000000E-01,  1.6651446008E+00
   -2.485323, -3.9062500000E-01,  1.6695747030E+00
   -2.485323, -3.7500000000E-01,  1.6738516345E+00
   -2.485323, -3.5937500000E-01,  1.6779730318E+00
   -2.485323, -3.4375000000E-01,  1.6819366075E+00
   -2.485323, -3.2812500000E-01,  1.6857401522E+00
   -2.485323, -3.1250000000E-01,  1.6893815372E+00
   -2.485323, -2.9687500000E-01,  1.6928587166E+00
   -2.485323, -2.8125000000E-01,  1.6961697298E+00
   -2.485323, -2.6562500000E-01,  1.6993127032E+00
   -2.485323, -2.5000000000E-01,  1.7022858526E+00
   -2.485323, -2.3437500000E-01,  1.7050874849E+00
   -2.485323, -2.1875000000E-01,  1.7077160001E+00
   -2.485323, -2.0312500000E-01,  1.7101698931E+00
   -2.485323, -1.8750000000E-01,  1.7124477551E+00
   -2.485323, -1.7187500000E-01,  1.7145482753E+00
   -2.485323, -1.5625000000E-01,  1.7164702424E+00
   -2.485323, -1.4062500000E-01,  1.7182125460E+00
   -2.485323, -1.2500000000E-01,  1.7197741775E+00
   -2.485323, -1.0937500000E-01,  1.7211542316E+00
   -2.485323, -9.3750000000E-02,  1.7223519070E+00
   -2.485323, -7.8125000000E-02,  1.7233665074E+00
   -2.485323, -6.2500000000E-02,  1.7241974425E+00
   -2.485323, -4.6875000000E-02,  1.7248442283E+00
   -2.485323, -3.1250000000E-02,  1.7253064878E+00
   -2.485323, -1.5625000000E-02,  1.7255839514E+00
   -2.485323,  0.0000000000E+00,  1.7256764573E+00
   -2.485323,  1.5625000000E-02,  1.7255839514E+00
   -2.485323,  3.1250000000E-02,  1.7253064878E+00
   -2.485323,  4.6875000000E-02,  1.7248442283E+00
   -2.485323,  6.2500000000E-02,  1.7241974425E+00
   -2.485323,  7.8125000000E-02,  1.7233665074E+00
   -2.485323,  9.3750000000E-02,  1.7223519070E+00
   -2.485323,  1.0937500000E-01,  1.7211542316E+00
   -2.485323,  1.2500000000E-01,  1.7197741775E+00
   -2.485323,  1.4062500000E-01,  1.7182125460E+00
   -2.485323,  1.5625000000E-01,  1.7164702424E+00
   -2.485323,  1.7187500000E-01,  1.7145482753E+00
   -2.485323,  1.8750000000E-01,  1.7124477551E+00
   -2.485323,  2.0312500000E-01,  1.7101698931E+00
   -2.485323,  2.1875000000E-01,  1.7077160001E+00
   -2.485323,  2.3437500000E-01,  1.7050874849E+00
   -2.485323,  2.5000000000E-01,  1.7022858526E+00
   -2.485323,  2.6562500000E-01,  1.6993127032E+00
   -2.485323,  2.8125000000E-01,  1.6961697298E+00
   -2.485323,  2.9687500000E-01,  1.6928587166E+00
   -2.485323,  3.1250000000E-01,  1.6893815372E+00
   -2.485323,  3.2812500000E-01,  1.6857401522E+00
   -2.485323,  3.4375000000E-01,  1.6819366075E+00
   -2.485323,  3.5937500000E-01,  1.6779730318E+00
   -2.485323,  3.7500000000E-01,  1.6738516345E+00
   -2.485323,  3.9062500000E-01,  1.6695747030E+00
   -2.485323,  4.0625000000E-01,  1.6651446008E+00
   -2.485323,  4.2187500000E-01,  1.6605637643E+00
   -2.485323,  4.3750000000E-01,  1.6558347010E+00
   -2.485323,  4.5312500000E-01,  1.6509599862E+00
   -2.485323,  4.6875000000E-01,  1.6459422606E+00
   -2.485323,  4.8437500000E-01,  1.6407842275E+00
   -1.859100, -5.0000000000E-01,  7.6022358321E+00
   -1.859100, -4.8437500000E-01,  7.6424010635E+00
   -1.859100, -4.6875000000E-01,  7.6816063370E+00
   -1.859100, -4.5312500000E-01,  7.7198235827E+00
   -1.859100, -4.3750000000E-01,  7.7570252689E+00
   -1.859100, -4.2187500000E-01,  7.7931844366E+00
   -1.859100, -4.0625000000E-01,  7.8282747336E+00
   -1.859100, -3.9062500000E-01,  7.8622704481E+00
   -1.859100, -3.7500000000E-01,  7.8951465411E+00
   -1.859100, -3.5937500000E-01,  7.9268786786E+00
   -1.859100, -3.4375000000E-01,  7.9574432627E+00
   -1.859100, -3.2812500000E-01,  7.9868174620E+00
   -1.859100, -3.1250000000E-01,  8.0149792406E+00
   -1.859100, -2.9687500000E-01,  8.0419073872E+00
   -1.859100, -2.8125000000E-01,  8.0675815418E+00
   -1.859100, -2.6562500000E-01,  8.0919822228E+00
   -1.859100, -2.5000000000E-01,  8.1150908516E+00
   -1.859100, -2.3437500000E-01,  8.1368897775E+00
   -1.859100, -2.1875000000E-01,  8.1573623002E+00
   -1.859100, -2.0312500000E-01,  8.1764926918E+00
   -1.859100, -1.8750000000E-01,  8.1942662175E+00
   -1.859100, -1.7187500000E-01,  8.2106691547E+00
   -1.859100, -1.5625000000E-01,  8.2256888110E+00
   -1.859100, -1.4062500000E-01,  8.2393135410E+00
   -1.859100, -1.2500000000E-01,  8.2515327617E+00
   -1.859100, -1.0937500000E-01,  8.2623369661E+00
   -1.859100, -9.3750000000E-02,  8.2717177361E+00
   -1.859100, -7.8125000000E-02,  8.2796677532E+00
   -1.859100, -6.2500000000E-02,  8.2861808085E+00
   -1.859100, -4.6875000000E-02,  8.2912518108E+00
   -1.859100, -3.1250000000E-02,  8.2948767933E+00
   -1.859100, -1.5625000000E-02,  8.2970529187E+00
   -1.859100,  0.0000000000E+00,  8.2977784833E+00
   -1.859100,  1.5625000000E-02,  8.2970529187E+00
   -1.859100,  3.1250000000E-02,  8.2948767933E+00
   -1.859100,  4.6875000000E-02,  8.2912518108E+00
   -1.859100,  6.2500000000E-02,  8.2861808085E+00
   -1.859100,  7.8125000000E-02,  8.2796677532E+00
   -1.859100,  9.3750000000E-02,  8.2717177361E+00
   -1.859100,  1.0937500000E-01,  8.2623369661E+00
   -1.859100,  1.2500000000E-01,  8.2515327617E+00
   -1.859100,  1.4062500000E-01,  8.2393135410E+00
   -1.859100,  1.5625000000E-01,  8.2256888110E+00
   -1.859100,  1.7187500000E-01,  8.2106691547E+00
   -1.859100,  1.8750000000E-01,  8.1942662175E+00
   -1.859100,  2.0312500000E-01,  8.1764926918E+00
   -1.859100,  2.1875000000E-01,  8.1573623002E+00
   -1.859100,  2.3437500000E-01,  8.1368897775E+00
   -1.859100,  2.5000000000E-01,  8.1150908516E+00
   -1.859100,  2.6562500000E-01,  8.0919822228E+00
   -1.859100,  2.8125000000E-01,  8.0675815418E+00
   -1.859100,  2.9687500000E-01,  8.0419073872E+00
   -1.859100,  3.1250000000E-01,  8.0149792406E+00
   -1.859100,  3.2812500000E-01,  7.9868174620E+00
   -1.859100,  3.4375000000E-01,  7.9574432627E+00
   -1.859100,  3.5937500000E-01,  7.9268786786E+00
   -1.859100,  3.7500000000E-01,  7.8951465411E+00
   -1.859100,  3.9062500000E-01,  7.8622704481E+00
   -1.859100,  4.0625000000E-01,  7.8282747336E+00
   -1.859100,  4.2187500000E-01,  7.7931844366E+00
   -1.859100,  4.3750000000E-01,  7.7570252689E+00
   -1.859100,  4.5312500000E-01,  7.7198235827E+00
   -1.859100,  4.6875000000E-01,  7.6816063370E+00
   -1.859100,  4.8437500000E-01,  7.6424010635E+00
   -1.232877, -5.0000000000E-01,  1.8904364405E+01
   -1.232877, -4.8437500000E-01,  1.9071740246E+01
   -1.232877, -4.6875000000E-01,  1.9235507973E+01
   -1.232877, -4.5312500000E-01,  1.9395516931E+01
   -1.232877, -4.3750000000E-01,  1.9551619134E+01
   -1.232877, -4.2187500000E-01,  1.9703669474E+01
   -1.232877, -4.0625000000E-01,  1.9851525919E+01
   -1.232877, -3.9062500000E-01,  1.9995049717E+01
   -1.232877, -3.7500000000E-01,  2.0134105591E+01
   -1.232877, -3.5937500000E-01,  2.0268561923E+01
   -1.232877, -3.4375000000E-01,  2.0398290949E+01
   -1.232877, -3.2812500000E-01,  2.0523168931E+01
   -1.232877, -3.1250000000E-01,  2.0643076334E+01
   -1.232877, -2.9687500000E-01,  2.0757897998E+01
   -1.232877, -2.8125000000E-01,  2.0867523295E+01
   -1.232877, -2.6562500000E-01,  2.0971846290E+01
   -1.232877, -2.5000000000E-01,  2.1070765889E+01
   -1.232877, -2.3437500000E-01,  2.1164185983E+01
   -1.232877, -2.1875000000E-01,  2.1252015581E+01
   -1.232877, -2.0312500000E-01,  2.1334168945E+01
   -1.232877, -1.8750000000E-01,  2.1410565708E+01
   -1.232877, -1.7187500000E-01,  2.1481130985E+01
   -1.232877, -1.5625000000E-01,  2.1545795488E+01
   -1.232877, -1.4062500000E-01,  2.1604495616E+01
   -1.232877, -1.2500000000E-01,  2.1657173549E+01
   -1.232877, -1.0937500000E-01,  2.1703777331E+01
   -1.232877, -9.3750000000E-02,  2.1744260942E+01
   -1.232877, -7.8125000000E-02,  2.1778584367E+01
   -1.232877, -6.2500000000E-02,  2.1806713646E+01
   -1.232877, -4.6875000000E-02,  2.1828620931E+01
   -1.232877, -3.1250000000E-02,  2.1844284520E+01
   -1.232877, -1.5625000000E-02,  2.1853688889E+01
   -1.232877,  0.0000000000E+00,  2.1856824715E+01
   -1.232877,  1.5625000000E-02,  2.1853688889E+01
   -1.232877,  3.1250000000E-02,  2.1844284520E+01
   -1.232877,  4.6875000000E-02,  2.1828620931E+01
   -1.232877,  6.2500000000E-02,  2.1806713646E+01
   -1.232877,  7.8125000000E-02,  2.1778584367E+01
   -1.232877,  9.3750000000E-02,  2.1744260942E+01
   -1.232877,  1.0937500000E-01,  2.1703777331E+01
   -1.232877,  1.2500000000E-01,  2.1657173549E+01
   -1.232877,  1.4062500000E-01,  2.1604495616E+01
   -1.232877,  1.5625000000E-01,  2.1545795488E+01
   -1.232877,  1.7187500000E-01,  2.1481130985E+01
   -1.232877,  1.8750000000E-01,  2.1410565708E+01
   -1.232877,  2.0312500000E-01,  2.1334168945E+01
   -1.232877,  2.1875000000E-01,  2.1252015581E+01
   -1.232877,  2.3437500000E-01,  2.1164185983E+01
   -1.232877,  2.5000000000E-01,  2.1070765889E+01
   -1.232877,  2.6562500000E-01,  2.0971846290E+01
   -1.232877,  2.8125000000E-01,  2.0867523295E+01
   -1.232877,  2.9687500000E-01,  2.0757897998E+01
   -1.232877,  3.1250000000E-01,  2.0643076334E+01
   -1.232877,  3.2812500000E-01,  2.0523168931E+01
   -1.232877,  3.4375000000E-01,  2.0398290949E+01
   -1.232877,  3.5937500000E-01,  2.0268561923E+01
   -1.232877,  3.7500000000E-01,  2.0134105591E+01
   -1.232877,  3.9062500000E-01,  1.9995049717E+01
   -1.232877,  4.0625000000E-01,  1.9851525919E+01
   -1.232877,  4.2187500000E-01,  1.9703669474E+01
   -1.232877,  4.3750000000E-01,  1.9551619134E+01
   -1.232877,  4.5312500000E-01,  1.9395516931E+01
   -1.232877,  4.6875000000E-01,  1.9235507973E+01
   -1.232877,  4.8437500000E-01,  1.9071740246E+01
   -0.606654, -5.0000000000E-01,  2.8288822284E+01
   -0.606654, -4.8437500000E-01,  2.8683185503E+01
   -0.606654, -4.6875000000E-01,  2.9069662460E+01
   -0.606654, -4.5312500000E-01,  2.9447844079E+01
   -0.606654, -4.3750000000E-01,  2.9817328523E+01
   -0.606654, -4.2187500000E-01,  3.0177721752E+01
   -0.606654, -4.0625000000E-01,  3.0528638071E+01
   -0.606654, -3.9062500000E-01,  3.0869700664E+01
   -0.606654, -3.7500000000E-01,  3.1200542123E+01
   -0.606654, -3.5937500000E-01,  3.1520804957E+01
   -0.606654, -3.4375000000E-01,  3.1830142102E+01
   -0.606654, -3.2812500000E-01,  3.2128217404E+01
   -0.606654, -3.1250000000E-01,  3.2414706094E+01
   -0.606654, -2.9687500000E-01,  3.2689295250E+01
   -0.606654, -2.8125000000E-01,  3.2951684241E+01
   -0.606654, -2.6562500000E-01,  3.3201585154E+01
   -0.606654, -2.5000000000E-01,  3.3438723202E+01
   -0.606654, -2.3437500000E-01,  3.3662837119E+01
   -0.606654, -2.1875000000E-01,  3.3873679535E+01
   -0.606654, -2.0312500000E-01,  3.4071017326E+01
   -0.606654, -1.8750000000E-01,  3.4254631952E+01
   -0.606654, -1.7187500000E-01,  3.4424319771E+01
   -0.606654, -1.5625000000E-01,  3.4579892331E+01
   -0.606654, -1.4062500000E-01,  3.4721176640E+01
   -0.606654, -1.2500000000E-01,  3.4848015420E+01
   -0.606654, -1.0937500000E-01,  3.4960267331E+01
   -0.606654, -9.3750000000E-02,  3.5057807174E+01
   -0.606654, -7.8125000000E-02,  3.5140526076E+01
   -0.606654, -6.2500000000E-02,  3.5208331644E+01
   -0.606654, -4.6875000000E-02,  3.5261148101E+01
   -0.606654, -3.1250000000E-02,  3.5298916396E+01
   -0.606654, -1.5625000000E-02,  3.5321594286E+01
   -0.606654,  0.0000000000E+00,  3.5329156403E+01
   -0.606654,  1.5625000000E-02,  3.5321594286E+01
   -0.606654,  3.1250000000E-02,  3.5298916396E+01
   -0.606654,  4.6875000000E-02,  3.5261148101E+01
   -0.606654,  6.2500000000E-02,  3.5208331644E+01
   -0.606654,  7.8125000000E-02,  3.5140526076E+01
   -0.606654,  9.3750000000E-02,  3.5057807174E+01
   -0.606654,  1.0937500000E-01,  3.4960267331E+01
   -0.606654,  1.2500000000E-01,  3.4848015420E+01
   -0.606654,  1.4062500000E-01,  3.4721176640E+01
   -0.606654,  1.5625000000E-01,  3.4579892331E+01
   -0.606654,  1.7187500000E-01,  3.4424319771E+01
   -0.606654,  1.8750000000E-01,  3.4254631952E+01
   -0.606654,  2.0312500000E-01,  3.4071017326E+01
   -0.606654,  2.1875000000E-01,  3.3873679535E+01
   -0.606654,  2.3437500000E-01,  3.3662837119E+01
   -0.606654,  2.5000000000E-01,  3.3438723202E+01
   -0.606654,  2.6562500000E-01,  3.3201585154E+01
   -0.606654,  2.8125000000E-01,  3.2951684241E+01
   -0.606654,  2.9687500000E-01,  3.2689295250E+01
   -0.606654,  3.1250000000E-01,  3.2414706094E+01
   -0.606654,  3.2812500000E-01,  3.2128217404E+01
   -0.606654,  3.4375000000E-01,  3.1830142102E+01
   -0.606654,  3.5937500000E-01,  3.1520804957E+01
   -0.606654,  3.7500000000E-01,  3.1200542123E+01
   -0.606654,  3.9062500000E-01,  3.0869700664E+01
   -0.606654,  4.0625000000E-01,  3.0528638071E+01
   -0.606654,  4.2187500000E-01,  3.0177721752E+01
   -0.606654,  4.3750000000E-01,  2.9817328523E+01
   -0.606654,  4.5312500000E-01,  2.9447844079E+01
   -0.606654,  4.6875000000E-01,  2.9069662460E+01
   -0.606654,  4.8437500000E-01,  2.8683185503E+01
    0.019569, -5.0000000000E-01,  3.2444156082E+01
    0.019569, -4.8437500000E-01,  3.3215868858E+01
    0.019569, -4.6875000000E-01,  3.3974100762E+01
    0.019569, -4.5312500000E-01,  3.4717892556E+01
    0.019569, -4.3750000000E-01,  3.5446299740E+01
    0.019569, -4.2187500000E-01,  3.6158394031E+01
    0.019569, -4.0625000000E-01,  3.6853264821E+01
    0.019569, -3.9062500000E-01,  3.7530020622E+01
    0.019569, -3.7500000000E-01,  3.8187790477E+01
    0.019569, -3.5937500000E-01,  3.8825725353E+01
    0.019569, -3.4375000000E-01,  3.9442999496E+01
    0.019569, -3.2812500000E-01,  4.0038811755E+01
    0.019569, -3.1250000000E-01,  4.0612386872E+01
    0.019569, -2.9687500000E-01,  4.1162976733E+01
    0.019569, -2.8125000000E-01,  4.1689861574E+01
    0.019569, -2.6562500000E-01,  4.2192351149E+01
    0.019569, -2.5000000000E-01,  4.2669785851E+01
    0.019569, -2.3437500000E-01,  4.3121537781E+01
    0.019569, -2.1875000000E-01,  4.3547011771E+01
    0.019569, -2.0312500000E-01,  4.3945646356E+01
    0.019569, -1.8750000000E-01,  4.4316914690E+01
    0.019569, -1.7187500000E-01,  4.4660325408E+01
    0.019569, -1.5625000000E-01,  4.4975423425E+01
    0.019569, -1.4062500000E-01,  4.5261790688E+01
    0.019569, -1.2500000000E-01,  4.5519046859E+01
    0.019569, -1.0937500000E-01,  4.5746849936E+01
    0.019569, -9.3750000000E-02,  4.5944896819E+01
    0.019569, -7.8125000000E-02,  4.6112923804E+01
    0.019569, -6.2500000000E-02,  4.6250707021E+01
    0.019569, -4.6875000000E-02,  4.6358062796E+01
    0.019569, -3.1250000000E-02,  4.6434847960E+01
    0.019569, -1.5625000000E-02,  4.6480960078E+01
    0.019569,  0.0000000000E+00,  4.6496337625E+01
    0.019569,  1.5625000000E-02,  4.6480960078E+01
    0.019569,  3.1250000000E-02,  4.6434847960E+01
    0.019569,  4.6875000000E-02,  4.6358062796E+01
    0.019569,  6.2500000000E-02,  4.6250707021E+01
    0.019569,  7.8125000000E-02,  4.6112923804E+01
    0.019569,  9.3750000000E-02,  4.5944896819E+01
    0.019569,  1.0937500000E-01,  4.5746849936E+01
    0.019569,  1.2500000000E-01,  4.5519046859E+01
    0.019569,  1.4062500000E-01,  4.5261790688E+01
    0.019569,  1.5625000000E-01,  4.4975423425E+01
    0.019569,  1.7187500000E-01,  4.4660325408E+01
    0.019569,  1.8750000000E-01,  4.4316914690E+01
    0.019569,  2.0312500000E-01,  4.3945646356E+01
    0.019569,  2.1875000000E-01,  4.3547011771E+01
    0.019569,  2.3437500000E-01,  4.3121537781E+01
    0.019569,  2.5000000000E-01,  4.2669785851E+01
    0.019569,  2.6562500000E-01,  4.2192351149E+01
    0.019569,  2.8125000000E-01,  4.1689861574E+01
    0.019569,  2.9687500000E-01,  4.1162976733E+01
    0.019569,  3.1250000000E-01,  4.0612386872E+01
    0.019569,  3.2812500000E-01,  4.0038811755E+01
    0.019569,  3.4375000000E-01,  3.9442999496E+01
    0.019569,  3.5937500000E-01,  3.8825725353E+01
    0.019569,  3.7500000000E-01,  3.8187790477E+01
    0.019569,  3.9062500000E-01,  3.7530020622E+01
    0.019569,  4.0625000000E-01,  3.6853264821E+01
    0.019569,  4.2187500000E-01,  3.6158394031E+01
    0.019569,  4.3750000000E-01,  3.5446299740E+01
    0.019569,  4.5312500000E-01,  3.4717892556E+01
    0.019569,  4.6875000000E-01,  3.3974100762E+01
    0.019569,  4.8437500000E-01,  3.3215868858E+01
    0.645793, -5.0000000000E-01,  3.5204760208E+01
    0.645793, -4.8437500000E-01,  3.6315521224E+01
    0.645793, -4.6875000000E-01,  3.7407584163E+01
    0.645793, -4.5312500000E-01,  3.8479502133E+01
    0.645793, -4.3750000000E-01,  3.9529851707E+01
    0.645793, -4.2187500000E-01,  4.0557234921E+01
    0.645793, -4.0625000000E-01,  4.1560281272E+01
    0.645793, -3.9062500000E-01,  4.2537649727E+01
    0.645793, -3.7500000000E-01,  4.3488030714E+01
    0.645793, -3.5937500000E-01,  4.4410148100E+01
    0.645793, -3.4375000000E-01,  4.5302761133E+01
    0.645793, -3.2812500000E-01,  4.6164666358E+01
    0.645793, -3.1250000000E-01,  4.6994699484E+01
    0.645793, -2.9687500000E-01,  4.7791737204E+01
    0.645793, -2.8125000000E-01,  4.8554698967E+01
    0.645793, -2.6562500000E-01,  4.9282548686E+01
    0.645793, -2.5000000000E-01,  4.9974296386E+01
    0.645793, -2.3437500000E-01,  5.0628999785E+01
    0.645793, -2.1875000000E-01,  5.1245765803E+01
    0.645793, -2.0312500000E-01,  5.1823752002E+01
    0.645793, -1.8750000000E-01,  5.2362167938E+01
    0.645793, -1.7187500000E-01,  5.2860276444E+01
    0.645793, -1.5625000000E-01,  5.3317394819E+01
    0.645793, -1.4062500000E-01,  5.3732895942E+01
    0.645793, -1.2500000000E-01,  5.4106209288E+01
    0.645793, -1.0937500000E-01,  5.4436821856E+01
    0.645793, -9.3750000000E-02,  5.4724279007E+01
    0.645793, -7.8125000000E-02,  5.4968185208E+01
    0.645793, -6.2500000000E-02,  5.5168204673E+01
    0.645793, -4.6875000000E-02,  5.5324061917E+01
    0.645793, -3.1250000000E-02,  5.5435542205E+01
    0.645793, -1.5625000000E-02,  5.5502491902E+01
    0.645793,  0.0000000000E+00,  5.5524818726E+01
    0.645793,  1.5625000000E-02,  5.5502491902E+01
    0.645793,  3.1250000000E-02,  5.5435542205E+01
    0.645793,  4.6875000000E-02,  5.5324061917E+01
    0.645793,  6.2500000000E-02,  5.5168204673E+01
    0.645793,  7.8125000000E-02,  5.4968185208E+01
    0.645793,  9.3750000000E-02,  5.4724279007E+01
    0.645793,  1.0937500000E-01,  5.4436821856E+01
    0.645793,  1.2500000000E-01,  5.4106209288E+01
    0.645793,  1.4062500000E-01,  5.3732895942E+01
    0.645793,  1.5625000000E-01,  5.3317394819E+01
    0.645793,  1.7187500000E-01,  5.2860276444E+01
    0.645793,  1.8750000000E-01,  5.2362167938E+01
    0.645793,  2.0312500000E-01,  5.1823752002E+01
    0.645793,  2.1875000000E-01,  5.1245765803E+01
    0.645793,  2.3437500000E-01,  5.0628999785E+01
    0.645793,  2.5000000000E-01,  4.9974296386E+01
    0.645793,  2.6562500000E-01,  4.9282548686E+01
    0.645793,  2.8125000000E-01,  4.8554698967E+01
    0.645793,  2.9687500000E-01,  4.7791737204E+01
    0.645793,  3.1250000000E-01,  4.6994699484E+01
    0.645793,  3.2812500000E-01,  4.6164666358E+01
    0.645793,  3.4375000000E-01,  4.5302761133E+01
    0.645793,  3.5937500000E-01,  4.4410148100E+01
    0.645793,  3.7500000000E-01,  4.3488030714E+01
    0.645793,  3.9062500000E-01,  4.2537649727E+01
    0.645793,  4.0625000000E-01,  4.1560281272E+01
    0.645793,  4.2187500000E-01,  4.0557234921E+01
    0.645793,  4.3750000000E-01,  3.9529851707E+01
    0.645793,  4.5312500000E-01,  3.8479502133E+01
    0.645793,  4.6875000000E-01,  3.7407584163E+01
    0.645793,  4.8437500000E-01,  3.6315521224E+01
    1.272016, -5.0000000000E-01,  3.8227937456E+01
    1.272016, -4.8437500000E-01,  3.9265180894E+01
    1.272016, -4.6875000000E-01,  4.0286376729E+01
    1.272016, -4.5312500000E-01,  4.1290046151E+01
    1.272016, -4.3750000000E-01,  4.2274735471E+01
    1.272016, -4.2187500000E-01,  4.3239017954E+01
    1.272016, -4.0625000000E-01,  4.4181495682E+01
    1.272016, -3.9062500000E-01,  4.5100801449E+01
    1.272016, -3.7500000000E-01,  4.5995600657E+01
    1.272016, -3.5937500000E-01,  4.6864593214E+01
    1.272016, -3.4375000000E-01,  4.7706515426E+01
    1.272016, -3.2812500000E-01,  4.8520141852E+01
    1.272016, -3.1250000000E-01,  4.9304287147E+01
    1.272016, -2.9687500000E-01,  5.0057807856E+01
    1.272016, -2.8125000000E-01,  5.0779604165E+01
    1.272016, -2.6562500000E-01,  5.1468621609E+01
    1.272016, -2.5000000000E-01,  5.2123852713E+01
    1.272016, -2.3437500000E-01,  5.2744338580E+01
    1.272016, -2.1875000000E-01,  5.3329170411E+01
    1.272016, -2.0312500000E-01,  5.3877490948E+01
    1.272016, -1.8750000000E-01,  5.4388495848E+01
    1.272016, -1.7187500000E-01,  5.4861434980E+01
    1.272016, -1.5625000000E-01,  5.5295613631E+01
    1.272016, -1.4062500000E-01,  5.5690393636E+01
    1.272016, -1.2500000000E-01,  5.6045194415E+01
    1.272016, -1.0937500000E-01,  5.6359493915E+01
    1.272016, -9.3750000000E-02,  5.6632829469E+01
    1.272016, -7.8125000000E-02,  5.6864798548E+01
    1.272016, -6.2500000000E-02,  5.7055059426E+01
    1.272016, -4.6875000000E-02,  5.7203331739E+01
    1.272016, -3.1250000000E-02,  5.7309396944E+01
    1.272016, -1.5625000000E-02,  5.7373098683E+01
    1.272016,  0.0000000000E+00,  5.7394343037E+01
    1.272016,  1.5625000000E-02,  5.7373098683E+01
    1.272016,  3.1250000000E-02,  5.7309396944E+01
    1.272016,  4.6875000000E-02,  5.7203331739E+01
    1.272016,  6.2500000000E-02,  5.7055059426E+01
    1.272016,  7.8125000000E-02,  5.6864798548E+01
    1.272016,  9.3750000000E-02,  5.6632829469E+01
    1.272016,  1.0937500000E-01,  5.6359493915E+01
    1.272016,  1.2500000000E-01,  5.6045194415E+01
    1.272016,  1.4062500000E-01,  5.5690393636E+01
    1.272016,  1.5625000000E-01,  5.5295613631E+01
    1.272016,  1.7187500000E-01,  5.4861434980E+01
    1.272016,  1.8750000000E-01,  5.4388495848E+01
    1.272016,  2.0312500000E-01,  5.3877490948E+01
    1.272016,  2.1875000000E-01,  5.3329170411E+01
    1.272016,  2.3437500000E-01,  5.2744338580E+01
    1.272016,  2.5000000000E-01,  5.2123852713E+01
    1.272016,  2.6562500000E-01,  5.1468621609E+01
    1.272016,  2.8125000000E-01,  5.0779604165E+01
    1.272016,  2.9687500000E-01,  5.0057807856E+01
    1.272016,  3.1250000000E-01,  4.9304287147E+01
    1.272016,  3.2812500000E-01,  4.8520141852E+01
    1.272016,  3.4375000000E-01,  4.7706515426E+01
    1.272016,  3.5937500000E-01,  4.6864593214E+01
    1.272016,  3.7500000000E-01,  4.5995600657E+01
    1.272016,  3.9062500000E-01,  4.5100801449E+01
    1.272016,  4.0625000000E-01,  4.4181495682E+01
    1.272016,  4.2187500000E-01,  4.3239017954E+01
    1.272016,  4.3750000000E-01,  4.2274735471E+01
    1.272016,  4.5312500000E-01,  4.1290046151E+01
    1.272016,  4.6875000000E-01,  4.0286376729E+01
    1.272016,  4.8437500000E-01,  3.9265180894E+01
    1.898239, -5.0000000000E-01,  4.0792339180E+01
    1.898239, -4.8437500000E-01,  4.1835464108E+01
    1.898239, -4.6875000000E-01,  4.2860061349E+01
    1.898239, -4.5312500000E-01,  4.3864856949E+01
    1.898239, -4.3750000000E-01,  4.4848597221E+01
    1.898239, -4.2187500000E-01,  4.5810050641E+01
    1.898239, -4.0625000000E-01,  4.6748009734E+01
    1.898239, -3.9062500000E-01,  4.7661292917E+01
    1.898239, -3.7500000000E-01,  4.8548746328E+01
    1.898239, -3.5937500000E-01,  4.9409245607E+01
    1.898239, -3.4375000000E-01,  5.0241697642E+01
    1.898239, -3.2812500000E-01,  5.1045042280E+01
    1.898239, -3.1250000000E-01,  5.1818253980E+01
    1.898239, -2.9687500000E-01,  5.2560343421E+01
    1.898239, -2.8125000000E-01,  5.3270359064E+01
    1.898239, -2.6562500000E-01,  5.3947388649E+01
    1.898239, -2.5000000000E-01,  5.4590560636E+01
    1.898239, -2.3437500000E-01,  5.5199045586E+01
    1.898239, -2.1875000000E-01,  5.5772057479E+01
    1.898239, -2.0312500000E-01,  5.6308854959E+01
    1.898239, -1.8750000000E-01,  5.6808742519E+01
    1.898239, -1.7187500000E-01,  5.7271071603E+01
    1.898239, -1.5625000000E-01,  5.7695241649E+01
    1.898239, -1.4062500000E-01,  5.8080701041E+01
    1.898239, -1.2500000000E-01,  5.8426947995E+01
    1.898239, -1.0937500000E-01,  5.8733531362E+01
    1.898239, -9.3750000000E-02,  5.9000051351E+01
    1.898239, -7.8125000000E-02,  5.9226160169E+01
    1.898239, -6.2500000000E-02,  5.9411562577E+01
    1.898239, -4.6875000000E-02,  5.9556016371E+01
    1.898239, -3.1250000000E-02,  5.9659332761E+01
    1.898239, -1.5625000000E-02,  5.9721376682E+01
    1.898239,  0.0000000000E+00,  5.9742067008E+01
    1.898239,  1.5625000000E-02,  5.9721376682E+01
    1.898239,  3.1250000000E-02,  5.9659332761E+01
    1.898239,  4.6875000000E-02,  5.9556016371E+01
    1.898239,  6.2500000000E-02,  5.9411562577E+01
    1.898239,  7.8125000000E-02,  5.9226160169E+01
    1.898239,  9.3750000000E-02,  5.9000051351E+01
    1.898239,  1.0937500000E-01,  5.8733531362E+01
    1.898239,  1.2500000000E-01,  5.8426947995E+01
    1.898239,  1.4062500000E-01,  5.8080701041E+01
    1.898239,  1.5625000000E-01,  5.7695241649E+01
    1.898239,  1.7187500000E-01,  5.7271071603E+01
    1.898239,  1.8750000000E-01,  5.6808742519E+01
    1.898239,  2.0312500000E-01,  5.6308854959E+01
    1.898239,  2.1875000000E-01,  5.5772057479E+01
    1.898239,  2.3437500000E-01,  5.5199045586E+01
    1.898239,  2.5000000000E-01,  5.4590560636E+01
    1.898239,  2.6562500000E-01,  5.3947388649E+01
    1.898239,  2.8125000000E-01,  5.3270359064E+01
    1.898239,  2.9687500000E-01,  5.2560343421E+01
    1.898239,  3.1250000000E-01,  5.1818253980E+01
    1.898239,  3.2812500000E-01,  5.1045042280E+01
    1.898239,  3.4375000000E-01,  5.0241697642E+01
    1.898239,  3.5937500000E-01,  4.9409245607E+01
    1.898239,  3.7500000000E-01,  4.8548746328E+01
    1.898239,  3.9062500000E-01,  4.7661292917E+01
    1.898239,  4.0625000000E-01,  4.6748009734E+01
    1.898239,  4.2187500000E-01,  4.5810050641E+01
    1.898239,  4.3750000000E-01,  4.4848597221E+01
    1.898239,  4.5312500000E-01,  4.3864856949E+01
    1.898239,  4.6875000000E-01,  4.2860061349E+01
    1.898239,  4.8437500000E-01,  4.1835464108E+01
    2.524462, -5.0000000000E-01,  3.9767438236E+01
    2.524462, -4.8437500000E-01,  4.0946048557E+01
    2.524462, -4.6875000000E-01,  4.2105435405E+01
    2.524462, -4.5312500000E-01,  4.3244022975E+01
    2.524462, -4.3750000000E-01,  4.4360258222E+01
    2.524462, -4.2187500000E-01,  4.5452613438E+01
    2.524462, -4.0625000000E-01,  4.6519588791E+01
    2.524462, -3.9062500000E-01,  4.7559714818E+01
    2.524462, -3.7500000000E-01,  4.8571554877E+01
    2.524462, -3.5937500000E-01,  4.9553707553E+01
    2.524462, -3.4375000000E-01,  5.0504809004E+01
    2.524462, -3.2812500000E-01,  5.1423535247E+01
    2.524462, -3.1250000000E-01,  5.2308604389E+01
    2.524462, -2.9687500000E-01,  5.3158778782E+01
    2.524462, -2.8125000000E-01,  5.3972867109E+01
    2.524462, -2.6562500000E-01,  5.4749726399E+01
    2.524462, -2.5000000000E-01,  5.5488263954E+01
    2.524462, -2.3437500000E-01,  5.6187439204E+01
    2.524462, -2.1875000000E-01,  5.6846265463E+01
    2.524462, -2.0312500000E-01,  5.7463811611E+01
    2.524462, -1.8750000000E-01,  5.8039203665E+01
    2.524462, -1.7187500000E-01,  5.8571626271E+01
    2.524462, -1.5625000000E-01,  5.9060324086E+01
    2.524462, -1.4062500000E-01,  5.9504603064E+01
    2.524462, -1.2500000000E-01,  5.9903831640E+01
    2.524462, -1.0937500000E-01,  6.0257441801E+01
    2.524462, -9.3750000000E-02,  6.0564930059E+01
    2.524462, -7.8125000000E-02,  6.0825858305E+01
    2.524462, -6.2500000000E-02,  6.1039854560E+01
    2.524462, -4.6875000000E-02,  6.1206613607E+01
    2.524462, -3.1250000000E-02,  6.1325897513E+01
    2.524462, -1.5625000000E-02,  6.1397536035E+01
    2.524462,  0.0000000000E+00,  6.1421426912E+01
    2.524462,  1.5625000000E-02,  6.1397536035E+01
    2.524462,  3.1250000000E-02,  6.1325897513E+01
    2.524462,  4.6875000000E-02,  6.1206613607E+01
    2.524462,  6.2500000000E-02,  6.1039854560E+01
    2.524462,  7.8125000000E-02,  6.0825858305E+01
    2.524462,  9.3750000000E-02,  6.0564930059E+01
    2.524462,  1.0937500000E-01,  6.0257441801E+01
    2.524462,  1.2500000000E-01,  5.9903831640E+01
    2.524462,  1.4062500000E-01,  5.9504603064E+01
    2.524462,  1.5625000000E-01,  5.9060324086E+01
    2.524462,  1.7187500000E-01,  5.8571626271E+01
    2.524462,  1.8750000000E-01,  5.8039203665E+01
    2.524462,  2.0312500000E-01,  5.7463811611E+01
    2.524462,  2.1875000000E-01,  5.6846265463E+01
    2.524462,  2.3437500000E-01,  5.6187439204E+01
    2.524462,  2.5000000000E-01,  5.5488263954E+01
    2.524462,  2.6562500000E-01,  5.4749726399E+01
    2.524462,  2.8125000000E-01,  5.3972867109E+01
    2.524462,  2.9687500000E-01,  5.3158778782E+01
    2.524462,  3.1250000000E-01,  5.2308604389E+01
    2.524462,  3.2812500000E-01,  5.1423535247E+01
    2.524462,  3.4375000000E-01,  5.0504809004E+01
    2.524462,  3.5937500000E-01,  4.9553707553E+01
    2.524462,  3.7500000000E-01,  4.8571554877E+01
    2.524462,  3.9062500000E-01,  4.7559714818E+01
    2.524462,  4.0625000000E-01,  4.6519588791E+01
    2.524462,  4.2187500000E-01,  4.5452613438E+01
    2.524462,  4.3750000000E-01,  4.4360258222E+01
    2.524462,  4.5312500000E-01,  4.3244022975E+01
    2.524462,  4.6875000000E-01,  4.2105435405E+01
    2.524462,  4.8437500000E-01,  4.0946048557E+01
    3.150685, -5.0000000000E-01,  3.9333785843E+01
    3.150685, -4.8437500000E-01,  4.0470928377E+01
    3.150685, -4.6875000000E-01,  4.1589332569E+01
    3.150685, -4.5312500000E-01,  4.2687493905E+01
    3.150685, -4.3750000000E-01,  4.3763929708E+01
    3.150685, -4.2187500000E-01,  4.4817181590E+01
    3.150685, -4.0625000000E-01,  4.5845817867E+01
    3.150685, -3.9062500000E-01,  4.6848435945E+01
    3.150685, -3.7500000000E-01,  4.7823664646E+01
    3.150685, -3.5937500000E-01,  4.8770166505E+01
    3.150685, -3.4375000000E-01,  4.9686639993E+01
    3.150685, -3.2812500000E-01,  5.0571821703E+01
    3.150685, -3.1250000000E-01,  5.1424488461E+01
    3.150685, -2.9687500000E-01,  5.2243459379E+01
    3.150685, -2.8125000000E-01,  5.3027597839E+01
    3.150685, -2.6562500000E-01,  5.3775813404E+01
    3.150685, -2.5000000000E-01,  5.4487063652E+01
    3.150685, -2.3437500000E-01,  5.5160355937E+01
    3.150685, -2.1875000000E-01,  5.5794749057E+01
    3.150685, -2.0312500000E-01,  5.6389354849E+01
    3.150685, -1.8750000000E-01,  5.6943339685E+01
    3.150685, -1.7187500000E-01,  5.7455925887E+01
    3.150685, -1.5625000000E-01,  5.7926393036E+01
    3.150685, -1.4062500000E-01,  5.8354079199E+01
    3.150685, -1.2500000000E-01,  5.8738382048E+01
    3.150685, -1.0937500000E-01,  5.9078759878E+01
    3.150685, -9.3750000000E-02,  5.9374732532E+01
    3.150685, -7.8125000000E-02,  5.9625882210E+01
    3.150685, -6.2500000000E-02,  5.9831854181E+01
    3.150685, -4.6875000000E-02,  5.9992357385E+01
    3.150685, -3.1250000000E-02,  6.0107164930E+01
    3.150685, -1.5625000000E-02,  6.0176114471E+01
    3.150685,  0.0000000000E+00,  6.0199108493E+01
    3.150685,  1.5625000000E-02,  6.0176114471E+01
    3.150685,  3.1250000000E-02,  6.0107164930E+01
    3.150685,  4.6875000000E-02,  5.9992357385E+01
    3.150685,  6.2500000000E-02,  5.9831854181E+01
    3.150685,  7.8125000000E-02,  5.9625882210E+01
    3.150685,  9.3750000000E-02,  5.9374732532E+01
    3.150685,  1.0937500000E-01,  5.9078759878E+01
    3.150685,  1.2500000000E-01,  5.8738382048E+01
    3.150685,  1.4062500000E-01,  5.8354079199E+01
    3.150685,  1.5625000000E-01,  5.7926393036E+01
    3.150685,  1.7187500000E-01,  5.7455925887E+01
    3.150685,  1.8750000000E-01,  5.6943339685E+01
    3.150685,  2.0312500000E-01,  5.6389354849E+01
    3.150685,  2.1875000000E-01,  5.5794749057E+01
    3.150685,  2.3437500000E-01,  5.5160355937E+01
    3.150685,  2.5000000000E-01,  5.4487063652E+01
    3.150685,  2.6562500000E-01,  5.3775813404E+01
    3.150685,  2.8125000000E-01,  5.3027597839E+01
    3.150685,  2.9687500000E-01,  5.2243459379E+01
    3.150685,  3.1250000000E-01,  5.1424488461E+01
    3.150685,  3.2812500000E-01,  5.0571821703E+01
    3.150685,  3.4375000000E-01,  4.9686639993E+01
    3.150685,  3.5937500000E-01,  4.8770166505E+01
    3.150685,  3.7500000000E-01,  4.7823664646E+01
    3.150685,  3.9062500000E-01,  4.6848435945E+01
    3.150685,  4.0625000000E-01,  4.5845817867E+01
    3.150685,  4.2187500000E-01,  4.4817181590E+01
    3.150685,  4.3750000000E-01,  4.3763929708E+01
    3.150685,  4.5312500000E-01,  4.2687493905E+01
    3.150685,  4.6875000000E-01,  4.1589332569E+01
    3.150685,  4.8437500000E-01,  4.0470928377E+01
    3.776908, -5.0000000000E-01,  3.9300023746E+01
    3.776908, -4.8437500000E-01,  4.0432392133E+01
    3.776908, -4.6875000000E-01,  4.1546071831E+01
    3.776908, -4.5312500000E-01,  4.2639566980E+01
    3.776908, -4.3750000000E-01,  4.3711403459E+01
    3.776908, -4.2187500000E-01,  4.4760131323E+01
    3.776908, -4.0625000000E-01,  4.5784327205E+01
    3.776908, -3.9062500000E-01,  4.6782596683E+01
    3.776908, -3.7500000000E-01,  4.7753576591E+01
    3.776908, -3.5937500000E-01,  4.8695937299E+01
    3.776908, -3.4375000000E-01,  4.9608384925E+01
    3.776908, -3.2812500000E-01,  5.0489663499E+01
    3.776908, -3.1250000000E-01,  5.1338557066E+01
    3.776908, -2.9687500000E-01,  5.2153891723E+01
    3.776908, -2.8125000000E-01,  5.2934537586E+01
    3.776908, -2.6562500000E-01,  5.3679410693E+01
    3.776908, -2.5000000000E-01,  5.4387474823E+01
    3.776908, -2.3437500000E-01,  5.5057743242E+01
    3.776908, -2.1875000000E-01,  5.5689280366E+01
    3.776908, -2.0312500000E-01,  5.6281203336E+01
    3.776908, -1.8750000000E-01,  5.6832683515E+01
    3.776908, -1.7187500000E-01,  5.7342947881E+01
    3.776908, -1.5625000000E-01,  5.7811280337E+01
    3.776908, -1.4062500000E-01,  5.8237022925E+01
    3.776908, -1.2500000000E-01,  5.8619576933E+01
    3.776908, -1.0937500000E-01,  5.8958403917E+01
    3.776908, -9.3750000000E-02,  5.9253026608E+01
    3.776908, -7.8125000000E-02,  5.9503029722E+01
    3.776908, -6.2500000000E-02,  5.9708060665E+01
    3.776908, -4.6875000000E-02,  5.9867830134E+01
    3.776908, -3.1250000000E-02,  5.9982112602E+01
    3.776908, -1.5625000000E-02,  6.0050746705E+01
    3.776908,  0.0000000000E+00,  6.0073635515E+01
    3.776908,  1.5625000000E-02,  6.0050746705E+01
    3.776908,  3.1250000000E-02,  5.9982112602E+01
    3.776908,  4.6875000000E-02,  5.9867830134E+01
    3.776908,  6.2500000000E-02,  5.9708060665E+01
    3.776908,  7.8125000000E-02,  5.9503029722E+01
    3.776908,  9.3750000000E-02,  5.9253026608E+01
    3.776908,  1.0937500000E-01,  5.8958403917E+01
    3.776908,  1.2500000000E-01,  5.8619576933E+01
    3.776908,  1.4062500000E-01,  5.8237022925E+01
    3.776908,  1.5625000000E-01,  5.7811280337E+01
    3.776908,  1.7187500000E-01,  5.7342947881E+01
    3.776908,  1.8750000000E-01,  5.6832683515E+01
    3.776908,  2.0312500000E-01,  5.6281203336E+01
    3.776908,  2.1875000000E-01,  5.5689280366E+01
    3.776908,  2.3437500000E-01,  5.5057743242E+01
    3.776908,  2.5000000000E-01,  5.4387474823E+01
    3.776908,  2.6562500000E-01,  5.3679410693E+01
    3.776908,  2.8125000000E-01,  5.2934537586E+01
    3.776908,  2.9687500000E-01,  5.2153891723E+01
    3.776908,  3.1250000000E-01,  5.1338557066E+01
    3.776908,  3.2812500000E-01,  5.0489663499E+01
    3.776908,  3.4375000000E-01,  4.9608384925E+01
    3.776908,  3.5937500000E-01,  4.8695937299E+01
    3.776908,  3.7500000000E-01,  4.7753576591E+01
    3.776908,  3.9062500000E-01,  4.6782596683E+01
    3.776908,  4.0625000000E-01,  4.5784327205E+01
    3.776908,  4.2187500000E-01,  4.4760131323E+01
    3.776908,  4.3750000000E-01,  4.3711403459E+01
    3.776908,  4.5312500000E-01,  4.2639566980E+01
    3.776908,  4.6875000000E-01,  4.1546071831E+01
    3.776908,  4.8437500000E-01,  4.0432392133E+01
    4.403131, -5.0000000000E-01,  3.9298687342E+01
    4.403131, -4.8437500000E-01,  4.0430808725E+01
    4.403131, -4.6875000000E-01,  4.1544243732E+01
    4.403131, -4.5312500000E-01,  4.2637496971E+01
    4.403131, -4.3750000000E-01,  4.3709094783E+01
    4.403131, -4.2187500000E-01,  4.4757587681E+01
    4.403131, -4.0625000000E-01,  4.5781552747E+01
    4.403131, -3.9062500000E-01,  4.6779596001E+01
    4.403131, -3.7500000000E-01,  4.7750354713E+01
    4.403131, -3.5937500000E-01,  4.8692499678E+01
    4.403131, -3.4375000000E-01,  4.9604737427E+01
    4.403131, -3.2812500000E-01,  5.0485812395E+01
    4.403131, -3.1250000000E-01,  5.1334509019E+01
    4.403131, -2.9687500000E-01,  5.2149653775E+01
    4.403131, -2.8125000000E-01,  5.2930117145E+01
    4.403131, -2.6562500000E-01,  5.3674815520E+01
    4.403131, -2.5000000000E-01,  5.4382713015E+01
    4.403131, -2.3437500000E-01,  5.5052823218E+01
    4.403131, -2.1875000000E-01,  5.5684210851E+01
    4.403131, -2.0312500000E-01,  5.6275993344E+01
    4.403131, -1.8750000000E-01,  5.6827342330E+01
    4.403131, -1.7187500000E-01,  5.7337485043E+01
    4.403131, -1.5625000000E-01,  5.7805705620E+01
    4.403131, -1.4062500000E-01,  5.8231346320E+01
    4.403131, -1.2500000000E-01,  5.8613808629E+01
    4.403131, -1.0937500000E-01,  5.8952554278E+01
    4.403131, -9.3750000000E-02,  5.9247106157E+01
    4.403131, -7.8125000000E-02,  5.9497049120E+01
    4.403131, -6.2500000000E-02,  5.9702030689E+01
    4.403131, -4.6875000000E-02,  5.9861761656E+01
    4.403131, -3.1250000000E-02,  5.9976016569E+01
    4.403131, -1.5625000000E-02,  6.0044634118E+01
    4.403131,  0.0000000000E+00,  6.0067517407E+01
    4.403131,  1.5625000000E-02,  6.0044634118E+01
    4.403131,  3.1250000000E-02,  5.9976016569E+01
    4.403131,  4.6875000000E-02,  5.9861761656E+01
    4.403131,  6.2500000000E-02,  5.9702030689E+01
    4.403131,  7.8125000000E-02,  5.9497049120E+01
    4.403131,  9.3750000000E-02,  5.9247106157E+01
    4.403131,  1.0937500000E-01,  5.8952554278E+01
    4.403131,  1.2500000000E-01,  5.8613808629E+01
    4.403131,  1.4062500000E-01,  5.8231346320E+01
    4.403131,  1.5625000000E-01,  5.7805705620E+01
    4.403131,  1.7187500000E-01,  5.7337485043E+01
    4.403131,  1.8750000000E-01,  5.6827342330E+01
    4.403131,  2.0312500000E-01,  5.6275993344E+01
    4.403131,  2.1875000000E-01,  5.5684210851E+01
    4.403131,  2.3437500000E-01,  5.5052823218E+01
    4.403131,  2.5000000000E-01,  5.4382713015E+01
    4.403131,  2.6562500000E-01,  5.3674815520E+01
    4.403131,  2.8125000000E-01,  5.2930117145E+01
    4.403131,  2.9687500000E-01,  5.2149653775E+01
    4.403131,  3.1250000000E-01,  5.1334509019E+01
    4.403131,  3.2812500000E-01,  5.0485812395E+01
    4.403131,  3.4375000000E-01,  4.9604737427E+01
    4.403131,  3.5937500000E-01,  4.8692499678E+01
    4.403131,  3.7500000000E-01,  4.7750354713E+01
    4.403131,  3.9062500000E-01,  4.6779596001E+01
    4.403131,  4.0625000000E-01,  4.5781552747E+01
    4.403131,  4.2187500000E-01,  4.4757587681E+01
    4.403131,  4.3750000000E-01,  4.3709094783E+01
    4.403131,  4.5312500000E-01,  4.2637496971E+01
    4.403131,  4.6875000000E-01,  4.1544243732E+01
    4.403131,  4.8437500000E-01,  4.0430808725E+01
    5.029354, -5.0000000000E-01,  3.9298661546E+01
    5.029354, -4.8437500000E-01,  4.0430777032E+01
    5.029354, -4.6875000000E-01,  4.1544206192E+01
    5.029354, -4.5312500000E-01,  4.2637453647E+01
    5.029354, -4.3750000000E-01,  4.3709045748E+01
    5.029354, -4.2187500000E-01,  4.4757533019E+01
    5.029354, -4.0625000000E-01,  4.5781492554E+01
    5.029354, -3.9062500000E-01,  4.6779530384E+01
    5.029354, -3.7500000000E-01,  4.7750283790E+01
    5.029354, -3.5937500000E-01,  4.8692423576E+01
    5.029354, -3.4375000000E-01,  4.9604656285E+01
    5.029354, -3.2812500000E-01,  5.0485726362E+01
    5.029354, -3.1250000000E-01,  5.1334418252E+01
    5.029354, -2.9687500000E-01,  5.2149558441E+01
    5.029354, -2.8125000000E-01,  5.2930017421E+01
    5.029354, -2.6562500000E-01,  5.3674711591E+01
    5.029354, -2.5000000000E-01,  5.4382605074E+01
    5.029354, -2.3437500000E-01,  5.5052711467E+01
    5.029354, -2.1875000000E-01,  5.5684095498E+01
    5.029354, -2.0312500000E-01,  5.6275874606E+01
    5.029354, -1.8750000000E-01,  5.6827220431E+01
    5.029354, -1.7187500000E-01,  5.7337360211E+01
    5.029354, -1.5625000000E-01,  5.7805578091E+01
    5.029354, -1.4062500000E-01,  5.8231216333E+01
    5.029354, -1.2500000000E-01,  5.8613676429E+01
    5.029354, -1.0937500000E-01,  5.8952420117E+01
    5.029354, -9.3750000000E-02,  5.9246970287E+01
    5.029354, -7.8125000000E-02,  5.9496911798E+01
    5.029354, -6.2500000000E-02,  5.9701892176E+01
    5.029354, -4.6875000000E-02,  5.9861622214E+01
    5.029354, -3.1250000000E-02,  5.9975876462E+01
    5.029354, -1.5625000000E-02,  6.0044493611E+01
    5.029354,  0.0000000000E+00,  6.0067376767E+01
    5.029354,  1.5625000000E-02,  6.0044493611E+01
    5.029354,  3.1250000000E-02,  5.9975876462E+01
    5.029354,  4.6875000000E-02,  5.9861622214E+01
    5.029354,  6.2500000000E-02,  5.9701892176E+01
    5.029354,  7.8125000000E-02,  5.9496911798E+01
    5.029354,  9.3750000000E-02,  5.9246970287E+01
    5.029354,  1.0937500000E-01,  5.8952420117E+01
    5.029354,  1.2500000000E-01,  5.8613676429E+01
    5.029354,  1.4062500000E-01,  5.8231216333E+01
    5.029354,  1.5625000000E-01,  5.7805578091E+01
    5.029354,  1.7187500000E-01,  5.7337360211E+01
    5.029354,  1.8750000000E-01,  5.6827220431E+01
    5.029354,  2.0312500000E-01,  5.6275874606E+01
    5.029354,  2.1875000000E-01,  5.5684095498E+01
    5.029354,  2.3437500000E-01,  5.5052711467E+01
    5.029354,  2.5000000000E-01,  5.4382605074E+01
    5.029354,  2.6562500000E-01,  5.3674711591E+01
    5.029354,  2.8125000000E-01,  5.2930017421E+01
    5.029354,  2.9687500000E-01,  5.2149558441E+01
    5.029354,  3.1250000000E-01,  5.1334418252E+01
    5.029354,  3.2812500000E-01,  5.0485726362E+01
    5.029354,  3.4375000000E-01,  4.9604656285E+01
    5.029354,  3.5937500000E-01,  4.8692423576E+01
    5.029354,  3.7500000000E-01,  4.7750283790E+01
    5.029354,  3.9062500000E-01,  4.6779530384E+01
    5.029354,  4.0625000000E-01,  4.5781492554E+01
    5.029354,  4.2187500000E-01,  4.4757533019E+01
    5.029354,  4.3750000000E-01,  4.3709045748E+01
    5.029354,  4.5312500000E-01,  4.2637453647E+01
    5.029354,  4.6875000000E-01,  4.1544206192E+01
    5.029354,  4.8437500000E-01,  4.0430777032E+01
    5.655577, -5.0000000000E-01,  3.9298661307E+01
    5.655577, -4.8437500000E-01,  4.0430776728E+01
    5.655577, -4.6875000000E-01,  4.1544205824E+01
    5.655577, -4.5312500000E-01,  4.2637453214E+01
    5.655577, -4.3750000000E-01,  4.3709045252E+01
    5.655577, -4.2187500000E-01,  4.4757532460E+01
    5.655577, -4.0625000000E-01,  4.5781491935E+01
    5.655577, -3.9062500000E-01,  4.6779529705E+01
    5.655577, -3.7500000000E-01,  4.7750283052E+01
    5.655577, -3.5937500000E-01,  4.8692422780E+01
    5.655577, -3.4375000000E-01,  4.9604655433E+01
    5.655577, -3.2812500000E-01,  5.0485725455E+01
    5.655577, -3.1250000000E-01,  5.1334417293E+01
    5.655577, -2.9687500000E-01,  5.2149557431E+01
    5.655577, -2.8125000000E-01,  5.2930016362E+01
    5.655577, -2.6562500000E-01,  5.3674710485E+01
    5.655577, -2.5000000000E-01,  5.4382603924E+01
    5.655577, -2.3437500000E-01,  5.5052710275E+01
    5.655577, -2.1875000000E-01,  5.5684094265E+01
    5.655577, -2.0312500000E-01,  5.6275873336E+01
    5.655577, -1.8750000000E-01,  5.6827219125E+01
    5.655577, -1.7187500000E-01,  5.7337358872E+01
    5.655577, -1.5625000000E-01,  5.7805576722E+01
    5.655577, -1.4062500000E-01,  5.8231214937E+01
    5.655577, -1.2500000000E-01,  5.8613675009E+01
    5.655577, -1.0937500000E-01,  5.8952418674E+01
    5.655577, -9.3750000000E-02,  5.9246968826E+01
    5.655577, -7.8125000000E-02,  5.9496910321E+01
    5.655577, -6.2500000000E-02,  5.9701890685E+01
    5.655577, -4.6875000000E-02,  5.9861620713E+01
    5.655577, -3.1250000000E-02,  5.9975874953E+01
    5.655577, -1.5625000000E-02,  6.0044492098E+01
    5.655577,  0.0000000000E+00,  6.0067375252E+01
    5.655577,  1.5625000000E-02,  6.0044492098E+01
    5.655577,  3.1250000000E-02,  5.9975874953E+01
    5.655577,  4.6875000000E-02,  5.9861620713E+01
    5.655577,  6.2500000000E-02,  5.9701890685E+01
    5.655577,  7.8125000000E-02,  5.9496910321E+01
    5.655577,  9.3750000000E-02,  5.9246968826E+01
    5.655577,  1.0937500000E-01,  5.8952418674E+01
    5.655577,  1.2500000000E-01,  5.8613675009E+01
    5.655577,  1.4062500000E-01,  5.8231214937E+01
    5.655577,  1.5625000000E-01,  5.7805576722E+01
    5.655577,  1.7187500000E-01,  5.7337358872E+01
    5.655577,  1.8750000000E-01,  5.6827219125E+01
    5.655577,  2.0312500000E-01,  5.6275873336E+01
    5.655577,  2.1875000000E-01,  5.5684094265E+01
    5.655577,  2.3437500000E-01,  5.5052710275E+01
    5.655577,  2.5000000000E-01,  5.4382603924E+01
    5.655577,  2.6562500000E-01,  5.3674710485E+01
    5.655577,  2.8125000000E-01,  5.2930016362E+01
    5.655577,  2.9687500000E-01,  5.2149557431E+01
    5.655577,  3.1250000000E-01,  5.1334417293E+01
    5.655577,  3.2812500000E-01,  5.0485725455E+01
    5.655577,  3.4375000000E-01,  4.9604655433E+01
    5.655577,  3.5937500000E-01,  4.8692422780E+01
    5.655577,  3.7500000000E-01,  4.7750283052E+01
    5.655577,  3.9062500000E-01,  4.6779529705E+01
    5.655577,  4.0625000000E-01,  4.5781491935E+01
    5.655577,  4.2187500000E-01,  4.4757532460E+01
    5.655577,  4.3750000000E-01,  4.3709045252E+01
    5.655577,  4.5312500000E-01,  4.2637453214E+01
    5.655577,  4.6875000000E-01,  4.1544205824E+01
    5.655577,  4.8437500000E-01,  4.0430776728E+01
    6.281800, -5.0000000000E-01,  3.9298661306E+01
    6.281800, -4.8437500000E-01,  4.0430776726E+01
    6.281800, -4.6875000000E-01,  4.1544205822E+01
    6.281800, -4.5312500000E-01,  4.2637453212E+01
    6.281800, -4.3750000000E-01,  4.3709045250E+01
    6.281800, -4.2187500000E-01,  4.4757532458E+01
    6.281800, -4.0625000000E-01,  4.5781491932E+01
    6.281800, -3.9062500000E-01,  4.6779529701E+01
    6.281800, -3.7500000000E-01,  4.7750283048E+01
    6.281800, -3.5937500000E-01,  4.8692422776E+01
    6.281800, -3.4375000000E-01,  4.9604655429E+01
    6.281800, -3.2812500000E-01,  5.0485725451E+01
    6.281800, -3.1250000000E-01,  5.1334417288E+01
    6.281800, -2.9687500000E-01,  5.2149557426E+01
    6.281800, -2.8125000000E-01,  5.2930016357E+01
    6.281800, -2.6562500000E-01,  5.3674710480E+01
    6.281800, -2.5000000000E-01,  5.4382603918E+01
    6.281800, -2.3437500000E-01,  5.5052710269E+01
    6.281800, -2.1875000000E-01,  5.5684094259E+01
    6.281800, -2.0312500000E-01,  5.6275873330E+01
    6.281800, -1.8750000000E-01,  5.6827219119E+01
    6.281800, -1.7187500000E-01,  5.7337358866E+01
    6.281800, -1.5625000000E-01,  5.7805576715E+01
    6.281800, -1.4062500000E-01,  5.8231214930E+01
    6.281800, -1.2500000000E-01,  5.8613675002E+01
    6.281800, -1.0937500000E-01,  5.8952418667E+01
    6.281800, -9.3750000000E-02,  5.9246968819E+01
    6.281800, -7.8125000000E-02,  5.9496910313E+01
    6.281800, -6.2500000000E-02,  5.9701890678E+01
    6.281800, -4.6875000000E-02,  5.9861620705E+01
    6.281800, -3.1250000000E-02,  5.9975874946E+01
    6.281800, -1.5625000000E-02,  6.0044492091E+01
    6.281800,  0.0000000000E+00,  6.0067375244E+01
    6.281800,  1.5625000000E-02,  6.0044492091E+01
    6.281800,  3.1250000000E-02,  5.9975874946E+01
    6.281800,  4.6875000000E-02,  5.9861620705E+01
    6.281800,  6.2500000000E-02,  5.9701890678E+01
    6.281800,  7.8125000000E-02,  5.9496910313E+01
    6.281800,  9.3750000000E-02,  5.9246968819E+01
    6.281800,  1.0937500000E-01,  5.8952418667E+01
    6.281800,  1.2500000000E-01,  5.8613675002E+01
    6.281800,  1.4062500000E-01,  5.8231214930E+01
    6.281800,  1.5625000000E-01,  5.7805576715E+01
    6.281800,  1.7187500000E-01,  5.7337358866E+01
    6.281800,  1.8750000000E-01,  5.6827219119E+01
    6.281800,  2.0312500000E-01,  5.6275873330E+01
    6.281800,  2.1875000000E-01,  5.5684094259E+01
    6.281800,  2.3437500000E-01,  5.5052710269E+01
    6.281800,  2.5000000000E-01,  5.4382603918E+01
    6.281800,  2.6562500000E-01,  5.3674710480E+01
    6.281800,  2.8125000000E-01,  5.2930016357E+01
    6.281800,  2.9687500000E-01,  5.2149557426E+01
    6.281800,  3.1250000000E-01,  5.1334417288E+01
    6.281800,  3.2812500000E-01,  5.0485725451E+01
    6.281800,  3.4375000000E-01,  4.9604655429E+01
    6.281800,  3.5937500000E-01,  4.8692422776E+01
    6.281800,  3.7500000000E-01,  4.7750283048E+01
    6.281800,  3.9062500000E-01,  4.6779529701E+01
    6.281800,  4.0625000000E-01,  4.5781491932E+01
    6.281800,  4.2187500000E-01,  4.4757532458E+01
    6.281800,  4.3750000000E-01,  4.3709045250E+01
    6.281800,  4.5312500000E-01,  4.2637453212E+01
    6.281800,  4.6875000000E-01,  4.1544205822E+01
    6.281800,  4.8437500000E-01,  4.0430776726E+01
    6.908023, -5.0000000000E-01,  3.9298661306E+01
    6.908023, -4.8437500000E-01,  4.0430776726E+01
    6.908023, -4.6875000000E-01,  4.1544205822E+01
    6.908023, -4.5312500000E-01,  4.2637453212E+01
    6.908023, -4.3750000000E-01,  4.3709045250E+01
    6.908023, -4.2187500000E-01,  4.4757532458E+01
    6.908023, -4.0625000000E-01,  4.5781491932E+01
    6.908023, -3.9062500000E-01,  4.6779529701E+01
    6.908023, -3.7500000000E-01,  4.7750283048E+01
    6.908023, -3.5937500000E-01,  4.8692422776E+01
    6.908023, -3.4375000000E-01,  4.9604655429E+01
    6.908023, -3.2812500000E-01,  5.0485725451E+01
    6.908023, -3.1250000000E-01,  5.1334417288E+01
    6.908023, -2.9687500000E-01,  5.2149557426E+01
    6.908023, -2.8125000000E-01,  5.2930016357E+01
    6.908023, -2.6562500000E-01,  5.3674710480E+01
    6.908023, -2.5000000000E-01,  5.4382603918E+01
    6.908023, -2.3437500000E-01,  5.5052710269E+01
    6.908023, -2.1875000000E-01,  5.5684094259E+01
    6.908023, -2.0312500000E-01,  5.6275873330E+01
    6.908023, -1.8750000000E-01,  5.6827219119E+01
    6.908023, -1.7187500000E-01,  5.7337358866E+01
    6.908023, -1.5625000000E-01,  5.7805576715E+01
    6.908023, -1.4062500000E-01,  5.8231214930E+01
    6.908023, -1.2500000000E-01,  5.8613675002E+01
    6.908023, -1.0937500000E-01,  5.8952418667E+01
    6.908023, -9.3750000000E-02,  5.9246968819E+01
    6.908023, -7.8125000000E-02,  5.9496910313E+01
    6.908023, -6.2500000000E-02,  5.9701890678E+01
    6.908023, -4.6875000000E-02,  5.9861620705E+01
    6.908023, -3.1250000000E-02,  5.9975874946E+01
    6.908023, -1.5625000000E-02,  6.0044492091E+01
    6.908023,  0.0000000000E+00,  6.0067375244E+01
    6.908023,  1.5625000000E-02,  6.0044492091E+01
    6.908023,  3.1250000000E-02,  5.9975874946E+01
    6.908023,  4.6875000000E-02,  5.9861620705E+01
    6.908023,  6.2500000000E-02,  5.9701890678E+01
    6.908023,  7.8125000000E-02,  5.9496910313E+01
    6.908023,  9.3750000000E-02,  5.9246968819E+01
    6.908023,  1.0937500000E-01,  5.8952418667E+01
    6.908023,  1.2500000000E-01,  5.8613675002E+01
    6.908023,  1.4062500000E-01,  5.8231214930E+01
    6.908023,  1.5625000000E-01,  5.7805576715E+01
    6.908023,  1.7187500000E-01,  5.7337358866E+01
    6.908023,  1.8750000000E-01,  5.6827219119E+01
    6.908023,  2.0312500000E-01,  5.6275873330E+01
    6.908023,  2.1875000000E-01,  5.5684094259E+01
    6.908023,  2.3437500000E-01,  5.5052710269E+01
    6.908023,  2.5000000000E-01,  5.4382603918E+01
    6.908023,  2.6562500000E-01,  5.3674710480E+01
    6.908023,  2.8125000000E-01,  5.2930016357E+01
    6.908023,  2.9687500000E-01,  5.2149557426E+01
    6.908023,  3.1250000000E-01,  5.1334417288E+01
    6.908023,  3.2812500000E-01,  5.0485725451E+01
    6.908023,  3.4375000000E-01,  4.9604655429E+01
    6.908023,  3.5937500000E-01,  4.8692422776E+01
    6.908023,  3.7500000000E-01,  4.7750283048E+01
    6.908023,  3.9062500000E-01,  4.6779529701E+01
    6.908023,  4.0625000000E-01,  4.5781491932E+01
    6.908023,  4.2187500000E-01,  4.4757532458E+01
    6.908023,  4.3750000000E-01,  4.3709045250E+01
    6.908023,  4.5312500000E-01,  4.2637453212E+01
    6.908023,  4.6875000000E-01,  4.1544205822E+01
    6.908023,  4.8437500000E-01,  4.0430776726E+01
    7.534247, -5.0000000000E-01,  3.9298661306E+01
    7.534247, -4.8437500000E-01,  4.0430776726E+01
    7.534247, -4.6875000000E-01,  4.1544205822E+01
    7.534247, -4.5312500000E-01,  4.2637453212E+01
    7.534247, -4.3750000000E-01,  4.3709045250E+01
    7.534247, -4.2187500000E-01,  4.4757532458E+01
    7.534247, -4.0625000000E-01,  4.5781491932E+01
    7.534247, -3.9062500000E-01,  4.6779529701E+01
    7.534247, -3.7500000000E-01,  4.7750283048E+01
    7.534247, -3.5937500000E-01,  4.8692422776E+01
    7.534247, -3.4375000000E-01,  4.9604655429E+01
    7.534247, -3.2812500000E-01,  5.0485725451E+01
    7.534247, -3.1250000000E-01,  5.1334417288E+01
    7.534247, -2.9687500000E-01,  5.2149557426E+01
    7.534247, -2.8125000000E-01,  5.2930016357E+01
    7.534247, -2.6562500000E-01,  5.3674710480E+01
    7.534247, -2.5000000000E-01,  5.4382603918E+01
    7.534247, -2.3437500000E-01,  5.5052710269E+01
    7.534247, -2.1875000000E-01,  5.5684094259E+01
    7.534247, -2.0312500000E-01,  5.6275873330E+01
    7.534247, -1.8750000000E-01,  5.6827219119E+01
    7.534247, -1.7187500000E-01,  5.7337358866E+01
    7.534247, -1.5625000000E-01,  5.7805576715E+01
    7.534247, -1.4062500000E-01,  5.8231214930E+01
    7.534247, -1.2500000000E-01,  5.8613675002E+01
    7.534247, -1.0937500000E-01,  5.8952418667E+01
    7.534247, -9.3750000000E-02,  5.9246968819E+01
    7.534247, -7.8125000000E-02,  5.9496910313E+01
    7.534247, -6.2500000000E-02,  5.9701890678E+01
    7.534247, -4.6875000000E-02,  5.9861620705E+01
    7.534247, -3.1250000000E-02,  5.9975874946E+01
    7.534247, -1.5625000000E-02,  6.0044492091E+01
    7.534247,  0.0000000000E+00,  6.0067375244E+01
    7.534247,  1.5625000000E-02,  6.0044492091E+01
    7.534247,  3.1250000000E-02,  5.9975874946E+01
    7.534247,  4.6875000000E-02,  5.9861620705E+01
    7.534247,  6.2500000000E-02,  5.9701890678E+01
    7.534247,  7.8125000000E-02,  5.9496910313E+01
    7.534247,  9.3750000000E-02,  5.9246968819E+01
    7.534247,  1.0937500000E-01,  5.8952418667E+01
    7.534247,  1.2500000000E-01,  5.8613675002E+01
    7.534247,  1.4062500000E-01,  5.8231214930E+01
    7.534247,  1.5625000000E-01,  5.7805576715E+01
    7.534247,  1.7187500000E-01,  5.7337358866E+01
    7.534247,  1.8750000000E-01,  5.6827219119E+01
    7.534247,  2.0312500000E-01,  5.6275873330E+01
    7.534247,  2.1875000000E-01,  5.5684094259E+01
    7.534247,  2.3437500000E-01,  5.5052710269E+01
    7.534247,  2.5000000000E-01,  5.4382603918E+01
    7.534247,  2.6562500000E-01,  5.3674710480E+01
    7.534247,  2.8125000000E-01,  5.2930016357E+01
    7.534247,  2.9687500000E-01,  5.2149557426E+01
    7.534247,  3.1250000000E-01,  5.1334417288E+01
    7.534247,  3.2812500000E-01,  5.0485725451E+01
    7.534247,  3.4375000000E-01,  4.9604655429E+01
    7.534247,  3.5937500000E-01,  4.8692422776E+01
    7.534247,  3.7500000000E-01,  4.7750283048E+01
    7.534247,  3.9062500000E-01,  4.6779529701E+01
    7.534247,  4.0625000000E-01,  4.5781491932E+01
    7.534247,  4.2187500000E-01,  4.4757532458E+01
    7.534247,  4.3750000000E-01,  4.3709045250E+01
    7.534247,  4.5312500000E-01,  4.2637453212E+01
    7.534247,  4.6875000000E-01,  4.1544205822E+01
    7.534247,  4.8437500000E-01,  4.0430776726E+01
    8.160470, -5.0000000000E-01,  3.9298661306E+01
    8.160470, -4.8437500000E-01,  4.0430776726E+01
    8.160470, -4.6875000000E-01,  4.1544205822E+01
    8.160470, -4.5312500000E-01,  4.2637453212E+01
    8.160470, -4.3750000000E-01,  4.3709045250E+01
    8.160470, -4.2187500000E-01,  4.4757532458E+01
    8.160470, -4.0625000000E-01,  4.5781491932E+01
    8.160470, -3.9062500000E-01,  4.6779529701E+01
    8.160470, -3.7500000000E-01,  4.7750283048E+01
    8.160470, -3.5937500000E-01,  4.8692422776E+01
    8.160470, -3.4375000000E-01,  4.9604655429E+01
    8.160470, -3.2812500000E-01,  5.0485725451E+01
    8.160470, -3.1250000000E-01,  5.1334417288E+01
    8.160470, -2.9687500000E-01,  5.2149557426E+01
    8.160470, -2.8125000000E-01,  5.2930016357E+01
    8.160470, -2.6562500000E-01,  5.3674710480E+01
    8.160470, -2.5000000000E-01,  5.4382603918E+01
    8.160470, -2.3437500000E-01,  5.5052710269E+01
    8.160470, -2.1875000000E-01,  5.5684094259E+01
    8.160470, -2.0312500000E-01,  5.6275873330E+01
    8.160470, -1.8750000000E-01,  5.6827219119E+01
    8.160470, -1.7187500000E-01,  5.7337358866E+01
    8.160470, -1.5625000000E-01,  5.7805576715E+01
    8.160470, -1.4062500000E-01,  5.8231214930E+01
    8.160470, -1.2500000000E-01,  5.8613675002E+01
    8.160470, -1.0937500000E-01,  5.8952418667E+01
    8.160470, -9.3750000000E-02,  5.9246968819E+01
    8.160470, -7.8125000000E-02,  5.9496910313E+01
    8.160470, -6.2500000000E-02,  5.9701890678E+01
    8.160470, -4.6875000000E-02,  5.9861620705E+01
    8.160470, -3.1250000000E-02,  5.9975874946E+01
    8.160470, -1.5625000000E-02,  6.0044492091E+01
    8.160470,  0.0000000000E+00,  6.0067375244E+01
    8.160470,  1.5625000000E-02,  6.0044492091E+01
    8.160470,  3.1250000000E-02,  5.9975874946E+01
    8.160470,  4.6875000000E-02,  5.9861620705E+01
    8.160470,  6.2500000000E-02,  5.9701890678E+01
    8.160470,  7.8125000000E-02,  5.9496910313E+01
    8.160470,  9.3750000000E-02,  5.9246968819E+01
    8.160470,  1.0937500000E-01,  5.8952418667E+01
    8.160470,  1.2500000000E-01,  5.8613675002E+01
    8.160470,  1.4062500000E-01,  5.8231214930E+01
    8.160470,  1.5625000000E-01,  5.7805576715E+01
    8.160470,  1.7187500000E-01,  5.7337358866E+01
    8.160470,  1.8750000000E-01,  5.6827219119E+01
    8.160470,  2.0312500000E-01,  5.6275873330E+01
    8.160470,  2.1875000000E-01,  5.5684094259E+01
    8.160470,  2.3437500000E-01,  5.5052710269E+01
    8.160470,  2.5000000000E-01,  5.4382603918E+01
    8.160470,  2.6562500000E-01,  5.3674710480E+01
    8.160470,  2.8125000000E-01,  5.2930016357E+01
    8.160470,  2.9687500000E-01,  5.2149557426E+01
    8.160470,  3.1250000000E-01,  5.1334417288E+01
    8.160470,  3.2812500000E-01,  5.0485725451E+01
    8.160470,  3.4375000000E-01,  4.9604655429E+01
    8.160470,  3.5937500000E-01,  4.8692422776E+01
    8.160470,  3.7500000000E-01,  4.7750283048E+01
    8.160470,  3.9062500000E-01,  4.6779529701E+01
    8.160470,  4.0625000000E-01,  4.5781491932E+01
    8.160470,  4.2187500000E-01,  4.4757532458E+01
    8.160470,  4.3750000000E-01,  4.3709045250E+01
    8.160470,  4.5312500000E-01,  4.2637453212E+01
    8.160470,  4.6875000000E-01,  4.1544205822E+01
    8.160470,  4.8437500000E-01,  4.0430776726E+01
    8.786693, -5.0000000000E-01,  3.9287063679E+01
    8.786693, -4.8437500000E-01,  4.0378966215E+01
    8.786693, -4.6875000000E-01,  4.1452303096E+01
    8.786693, -4.5312500000E-01,  4.2505673927E+01
    8.786693, -4.3750000000E-01,  4.3537699539E+01
    8.786693, -4.2187500000E-01,  4.4547024202E+01
    8.786693, -4.0625000000E-01,  4.5532317801E+01
    8.786693, -3.9062500000E-01,  4.6492277981E+01
    8.786693, -3.7500000000E-01,  4.7425632248E+01
    8.786693, -3.5937500000E-01,  4.8331140023E+01
    8.786693, -3.4375000000E-01,  4.9207594648E+01
    8.786693, -3.2812500000E-01,  5.0053825346E+01
    8.786693, -3.1250000000E-01,  5.0868699118E+01
    8.786693, -2.9687500000E-01,  5.1651122585E+01
    8.786693, -2.8125000000E-01,  5.2400043764E+01
    8.786693, -2.6562500000E-01,  5.3114453786E+01
    8.786693, -2.5000000000E-01,  5.3793388539E+01
    8.786693, -2.3437500000E-01,  5.4435930240E+01
    8.786693, -2.1875000000E-01,  5.5041208937E+01
    8.786693, -2.0312500000E-01,  5.5608403931E+01
    8.786693, -1.8750000000E-01,  5.6136745118E+01
    8.786693, -1.7187500000E-01,  5.6625514249E+01
    8.786693, -1.5625000000E-01,  5.7074046114E+01
    8.786693, -1.4062500000E-01,  5.7481729623E+01
    8.786693, -1.2500000000E-01,  5.7848008816E+01
    8.786693, -1.0937500000E-01,  5.8172383775E+01
    8.786693, -9.3750000000E-02,  5.8454411441E+01
    8.786693, -7.8125000000E-02,  5.8693706346E+01
    8.786693, -6.2500000000E-02,  5.8889941248E+01
    8.786693, -4.6875000000E-02,  5.9042847662E+01
    8.786693, -3.1250000000E-02,  5.9152216311E+01
    8.786693, -1.5625000000E-02,  5.9217897461E+01
    8.786693,  0.0000000000E+00,  5.9239801177E+01
    8.786693,  1.5625000000E-02,  5.9217897461E+01
    8.786693,  3.1250000000E-02,  5.9152216311E+01
    8.786693,  4.6875000000E-02,  5.9042847662E+01
    8.786693,  6.2500000000E-02,  5.8889941248E+01
    8.786693,  7.8125000000E-02,  5.8693706346E+01
    8.786693,  9.3750000000E-02,  5.8454411441E+01
    8.786693,  1.0937500000E-01,  5.8172383775E+01
    8.786693,  1.2500000000E-01,  5.7848008816E+01
    8.786693,  1.4062500000E-01,  5.7481729623E+01
    8.786693,  1.5625000000E-01,  5.7074046114E+01
    8.786693,  1.7187500000E-01,  5.6625514249E+01
    8.786693,  1.8750000000E-01,  5.6136745118E+01
    8.786693,  2.0312500000E-01,  5.5608403931E+01
    8.786693,  2.1875000000E-01,  5.5041208937E+01
    8.786693,  2.3437500000E-01,  5.4435930240E+01
    8.786693,  2.5000000000E-01,  5.3793388539E+01
    8.786693,  2.6562500000E-01,  5.3114453786E+01
    8.786693,  2.8125000000E-01,  5.2400043764E+01
    8.786693,  2.9687500000E-01,  5.1651122585E+01
    8.786693,  3.1250000000E-01,  5.0868699118E+01
    8.786693,  3.2812500000E-01,  5.0053825346E+01
    8.786693,  3.4375000000E-01,  4.9207594648E+01
    8.786693,  3.5937500000E-01,  4.8331140023E+01
    8.786693,  3.7500000000E-01,  4.7425632248E+01
    8.786693,  3.9062500000E-01,  4.6492277981E+01
    8.786693,  4.0625000000E-01,  4.5532317801E+01
    8.786693,  4.2187500000E-01,  4.4547024202E+01
    8.786693,  4.3750000000E-01,  4.3537699539E+01
    8.786693,  4.5312500000E-01,  4.2505673927E+01
    8.786693,  4.6875000000E-01,  4.1452303096E+01
    8.786693,  4.8437500000E-01,  4.0378966215E+01
    9.412916, -5.0000000000E-01,  3.5787008159E+01
    9.412916, -4.8437500000E-01,  3.6308422198E+01
    9.412916, -4.6875000000E-01,  3.6817468617E+01
    9.412916, -4.5312500000E-01,  3.7313764756E+01
    9.412916, -4.3750000000E-01,  3.7796936930E+01
    9.412916, -4.2187500000E-01,  3.8266620760E+01
    9.412916, -4.0625000000E-01,  3.8722461505E+01
    9.412916, -3.9062500000E-01,  3.9164114379E+01
    9.412916, -3.7500000000E-01,  3.9591244865E+01
    9.412916, -3.5937500000E-01,  4.0003529019E+01
    9.412916, -3.4375000000E-01,  4.0400653760E+01
    9.412916, -3.2812500000E-01,  4.0782317154E+01
    9.412916, -3.1250000000E-01,  4.1148228691E+01
    9.412916, -2.9687500000E-01,  4.1498109550E+01
    9.412916, -2.8125000000E-01,  4.1831692845E+01
    9.412916, -2.6562500000E-01,  4.2148723879E+01
    9.412916, -2.5000000000E-01,  4.2448960367E+01
    9.412916, -2.3437500000E-01,  4.2732172662E+01
    9.412916, -2.1875000000E-01,  4.2998143962E+01
    9.412916, -2.0312500000E-01,  4.3246670508E+01
    9.412916, -1.8750000000E-01,  4.3477561775E+01
    9.412916, -1.7187500000E-01,  4.3690640638E+01
    9.412916, -1.5625000000E-01,  4.3885743541E+01
    9.412916, -1.4062500000E-01,  4.4062720644E+01
    9.412916, -1.2500000000E-01,  4.4221435958E+01
    9.412916, -1.0937500000E-01,  4.4361767474E+01
    9.412916, -9.3750000000E-02,  4.4483607272E+01
    9.412916, -7.8125000000E-02,  4.4586861619E+01
    9.412916, -6.2500000000E-02,  4.4671451059E+01
    9.412916, -4.6875000000E-02,  4.4737310481E+01
    9.412916, -3.1250000000E-02,  4.4784389182E+01
    9.412916, -1.5625000000E-02,  4.4812650912E+01
    9.412916,  0.0000000000E+00,  4.4822073908E+01
    9.412916,  1.5625000000E-02,  4.4812650912E+01
    9.412916,  3.1250000000E-02,  4.4784389182E+01
    9.412916,  4.6875000000E-02,  4.4737310481E+01
    9.412916,  6.2500000000E-02,  4.4671451059E+01
    9.412916,  7.8125000000E-02,  4.4586861619E+01
    9.412916,  9.3750000000E-02,  4.4483607272E+01
    9.412916,  1.0937500000E-01,  4.4361767474E+01
    9.412916,  1.2500000000E-01,  4.4221435958E+01
    9.412916,  1.4062500000E-01,  4.4062720644E+01
    9.412916,  1.5625000000E-01,  4.3885743541E+01
    9.412916,  1.7187500000E-01,  4.3690640638E+01
    9.412916,  1.8750000000E-01,  4.3477561775E+01
    9.412916,  2.0312500000E-01,  4.3246670508E+01
    9.412916,  2.1875000000E-01,  4.2998143962E+01
    9.412916,  2.3437500000E-01,  4.2732172662E+01
    9.412916,  2.5000000000E-01,  4.2448960367E+01
    9.412916,  2.6562500000E-01,  4.2148723879E+01
    9.412916,  2.8125000000E-01,  4.1831692845E+01
    9.412916,  2.9687500000E-01,  4.1498109550E+01
    9.412916,  3.1250000000E-01,  4.1148228691E+01
    9.412916,  3.2812500000E-01,  4.0782317154E+01
    9.412916,  3.4375000000E-01,  4.0400653760E+01
    9.412916,  3.5937500000E-01,  4.0003529019E+01
    9.412916,  3.7500000000E-01,  3.9591244865E+01
    9.412916,  3.9062500000E-01,  3.9164114379E+01
    9.412916,  4.0625000000E-01,  3.8722461505E+01
    9.412916,  4.2187500000E-01,  3.8266620760E+01
    9.412916,  4.3750000000E-01,  3.7796936930E+01
    9.412916,  4.5312500000E-01,  3.7313764756E+01
    9.412916,  4.6875000000E-01,  3.6817468617E+01
    9.412916,  4.8437500000E-01,  3.6308422198E+01
