time,f0,f1,f2,f3,f4,f5,f6,f7,f8,f9,f10,f11,f12,f13,f14,f15,f16,f17,f18,f19,f20,f21,f22,f23,f24,f25,f26,f27,f28,f29,f30,f31,f32,f33,f34,f35,f36,f37,f38,f39,f40,f41,f42,f43,f44,f45,f46,f47,f48,f49,f50,f51,f52,f53,f54,f55,f56,f57,f58,f59,f60,f61,f62,f63,f64
    0.196350,2.561446E+01,3.323561E+01,1.752799E+01,2.717317E+00,5.059844E-01,1.505809E-01,6.202997E-02,3.109938E-02,1.770488E-02,1.101180E-02,7.309235E-03,5.099112E-03,3.699569E-03,2.770474E-03,2.129427E-03,1.672697E-03,1.338348E-03,1.087852E-03,8.963841E-04,7.474562E-04,6.298247E-04,5.356401E-04,4.593082E-04,3.967679E-04,3.450214E-04,3.018224E-04,2.654649E-04,2.346369E-04,2.083181E-04,1.857064E-04,1.661656E-04,1.491863E-04,1.343573E-04,1.213443E-04,1.098735E-04,9.971895E-05,9.069331E-05,8.264020E-05,7.542839E-05,6.894720E-05,6.310281E-05,5.781531E-05,5.301640E-05,4.864742E-05,4.465781E-05,4.100388E-05,3.764774E-05,3.455647E-05,3.170142E-05,2.905768E-05,2.660361E-05,2.432052E-05,2.219247E-05,2.020609E-05,1.835063E-05,1.661812E-05,1.500374E-05,1.350646E-05,1.213006E-05,1.088464E-05,9.788367E-06,8.869224E-06,8.164846E-06,7.717807E-06,7.564004E-06
    0.392699,3.319609E+00,2.055962E+01,3.063908E+01,1.273225E+01,1.876290E+00,3.571258E-01,1.046574E-01,4.037746E-02,1.827501E-02,9.145199E-03,4.932832E-03,2.877586E-03,1.872459E-03,1.399511E-03,1.179049E-03,1.062957E-03,9.851564E-04,9.208005E-04,8.617330E-04,8.057257E-04,7.524325E-04,7.019835E-04,6.545362E-04,6.101595E-04,5.688270E-04,5.304392E-04,4.948484E-04,4.618801E-04,4.313479E-04,4.030637E-04,3.768441E-04,3.525150E-04,3.299129E-04,3.088863E-04,2.892958E-04,2.710140E-04,2.539243E-04,2.379207E-04,2.229069E-04,2.087951E-04,1.955059E-04,1.829667E-04,1.711117E-04,1.598808E-04,1.492191E-04,1.390766E-04,1.294074E-04,1.201695E-04,1.113239E-04,1.028351E-04,9.467008E-05,8.679814E-05,7.919086E-05,7.182171E-05,6.466591E-05,5.770021E-05,5.090284E-05,4.425340E-05,3.773298E-05,3.132448E-05,2.501371E-05,1.879295E-05,1.267486E-05,6.781056E-06,2.810621E-06
    0.589049,2.089259E+00,5.746595E+00,2.496833E+01,2.823474E+01,8.149219E+00,1.422852E+00,3.700649E-01,1.439649E-01,7.097180E-02,4.032252E-02,2.515201E-02,1.676206E-02,1.173582E-02,8.536806E-03,6.401661E-03,4.920888E-03,3.860969E-03,3.081924E-03,2.496278E-03,2.047407E-03,1.697528E-03,1.420755E-03,1.198943E-03,1.019109E-03,8.717923E-04,7.499853E-04,6.484221E-04,5.630919E-04,4.909023E-04,4.294431E-04,3.768164E-04,3.315137E-04,2.923256E-04,2.582751E-04,2.285667E-04,2.025484E-04,1.796825E-04,1.595228E-04,1.416970E-04,1.258929E-04,1.118472E-04,9.933719E-05,8.817344E-05,7.819422E-05,6.926096E-05,6.125449E-05,5.407199E-05,4.762439E-05,4.183433E-05,3.663437E-05,3.196547E-05,2.777574E-05,2.401929E-05,2.065532E-05,1.764717E-05,1.496159E-05,1.256795E-05,1.043762E-05,8.543500E-06,6.859907E-06,5.363428E-06,4.036569E-06,2.880658E-06,1.964321E-06,1.561273E-06
    0.785398,5.698679E-01,1.606243E+00,9.208748E+00,2.887559E+01,2.405648E+01,4.825025E+00,9.217638E-01,2.771838E-01,1.181421E-01,6.166676E-02,3.647207E-02,2.346325E-02,1.603489E-02,1.146909E-02,8.500328E-03,6.482240E-03,5.060055E-03,4.027481E-03,3.258747E-03,2.674068E-03,2.221099E-03,1.864485E-03,1.579736E-03,1.349510E-03,1.161278E-03,1.005835E-03,8.763052E-04,7.674817E-04,6.753704E-04,5.968713E-04,5.295521E-04,4.714856E-04,4.211313E-04,3.772467E-04,3.388224E-04,3.050323E-04,2.751954E-04,2.487472E-04,2.252165E-04,2.042082E-04,1.853889E-04,1.684759E-04,1.532287E-04,1.394412E-04,1.269362E-04,1.155610E-04,1.051831E-04,9.568732E-05,8.697298E-05,7.895200E-05,7.154703E-05,6.469001E-05,5.832112E-05,5.238787E-05,4.684462E-05,4.165242E-05,3.677937E-05,3.220185E-05,2.790717E-05,2.389903E-05,2.020811E-05,1.691263E-05,1.417405E-05,1.227630E-05,1.158108E-05
    0.981748,1.718420E-01,3.956174E-01,2.053614E+00,1.387909E+01,3.097031E+01,1.895562E+01,2.878913E+00,5.141233E-01,1.510356E-01,6.324823E-02,3.285954E-02,1.959911E-02,1.284356E-02,9.003433E-03,6.636235E-03,5.083520E-03,4.014001E-03,3.247704E-03,2.680603E-03,2.249430E-03,1.914025E-03,1.647960E-03,1.433294E-03,1.257515E-03,1.111689E-03,9.893040E-04,8.855245E-04,7.966993E-04,7.200308E-04,6.533465E-04,5.949383E-04,5.434483E-04,4.977860E-04,4.570672E-04,4.205687E-04,3.876943E-04,3.579488E-04,3.309178E-04,3.062524E-04,2.836571E-04,2.628799E-04,2.437047E-04,2.259456E-04,2.094415E-04,1.940519E-04,1.796543E-04,1.661408E-04,1.534164E-04,1.413967E-04,1.300065E-04,1.191787E-04,1.088528E-04,9.897429E-05,8.949386E-05,8.036659E-05,7.155155E-05,6.301148E-05,5.471264E-05,4.662506E-05,3.872368E-05,3.099164E-05,2.343039E-05,1.609802E-05,9.319997E-06,5.449980E-06
    1.178097,1.121695E-01,1.759074E-01,5.405076E-01,2.936616E+00,1.912591E+01,3.094168E+01,1.369736E+01,2.023467E+00,3.841017E-01,1.155695E-01,4.739977E-02,2.352152E-02,1.323208E-02,8.130848E-03,5.333711E-03,3.679101E-03,2.640690E-03,1.957357E-03,1.489890E-03,1.159586E-03,9.197340E-04,7.414477E-04,6.062234E-04,5.018430E-04,4.200207E-04,3.550049E-04,3.027185E-04,2.602177E-04,2.253408E-04,1.964763E-04,1.724062E-04,1.521984E-04,1.351314E-04,1.206402E-04,1.082788E-04,9.769104E-05,8.859055E-05,8.074490E-05,7.396402E-05,6.809126E-05,6.299655E-05,5.857115E-05,5.472351E-05,5.137606E-05,4.846270E-05,4.592682E-05,4.371971E-05,4.179932E-05,4.012925E-05,3.867794E-05,3.741803E-05,3.632577E-05,3.538061E-05,3.456479E-05,3.386300E-05,3.326212E-05,3.275092E-05,3.231993E-05,3.196115E-05,3.166800E-05,3.143509E-05,3.125819E-05,3.113406E-05,3.106047E-05,3.103609E-05
    1.374447,4.868057E-02,9.797660E-02,2.664964E-01,9.310728E-01,4.920084E+00,2.420142E+01,2.880201E+01,9.002714E+00,1.534426E+00,3.818574E-01,1.441029E-01,6.967113E-02,3.903159E-02,2.407038E-02,1.588020E-02,1.101458E-02,7.940563E-03,5.902777E-03,4.498653E-03,3.499874E-03,2.770231E-03,2.224980E-03,1.809494E-03,1.487468E-03,1.234132E-03,1.032190E-03,8.693179E-04,7.365690E-04,6.273452E-04,5.367073E-04,4.609083E-04,3.970710E-04,3.429615E-04,2.968276E-04,2.572823E-04,2.232176E-04,1.937418E-04,1.681316E-04,1.457966E-04,1.262516E-04,1.090955E-04,9.399494E-05,8.067181E-05,6.889275E-05,5.846145E-05,4.921236E-05,4.100584E-05,3.372453E-05,2.727098E-05,2.156700E-05,1.655622E-05,1.221428E-05,8.581637E-06,5.864802E-06,4.604931E-06,5.104630E-06,6.532859E-06,8.134322E-06,9.628519E-06,1.092476E-05,1.199314E-05,1.282460E-05,1.341751E-05,1.377257E-05,1.389079E-05
    1.570796,5.516033E-02,7.384028E-02,1.444924E-01,3.732709E-01,1.448804E+00,8.317275E+00,2.828684E+01,2.494284E+01,5.392717E+00,1.030687E+00,3.062200E-01,1.296669E-01,6.743371E-02,3.976840E-02,2.551189E-02,1.738260E-02,1.239251E-02,9.152346E-03,6.953108E-03,5.405837E-03,4.284462E-03,3.451206E-03,2.818717E-03,2.329719E-03,1.945555E-03,1.639474E-03,1.392547E-03,1.191117E-03,1.025158E-03,8.871923E-04,7.715652E-04,6.739436E-04,5.909689E-04,5.200099E-04,4.589848E-04,4.062313E-04,3.604114E-04,3.204392E-04,2.854273E-04,2.546456E-04,2.274893E-04,2.034549E-04,1.821205E-04,1.631308E-04,1.461852E-04,1.310279E-04,1.174404E-04,1.052353E-04,9.425109E-05,8.434794E-05,7.540460E-05,6.731552E-05,5.998873E-05,5.334414E-05,4.731246E-05,4.183453E-05,3.686139E-05,3.235533E-05,2.829215E-05,2.466551E-05,2.149378E-05,1.882962E-05,1.676830E-05,1.544228E-05,1.498143E-05
    1.767146,1.613075E-02,2.340749E-02,4.798382E-02,1.171068E-01,3.797771E-01,1.931442E+00,1.287688E+01,3.073042E+01,1.998953E+01,3.158609E+00,5.793429E-01,1.753240E-01,7.539652E-02,3.985956E-02,2.395463E-02,1.568334E-02,1.091051E-02,7.939718E-03,5.981365E-03,4.631159E-03,3.666129E-03,2.955757E-03,2.419839E-03,2.007045E-03,1.683384E-03,1.425676E-03,1.217707E-03,1.047881E-03,9.077431E-04,7.910184E-04,6.929787E-04,6.100108E-04,5.393190E-04,4.787148E-04,4.264675E-04,3.811954E-04,3.417854E-04,3.073341E-04,2.771025E-04,2.504819E-04,2.269681E-04,2.061408E-04,1.876477E-04,1.711923E-04,1.565236E-04,1.434286E-04,1.317256E-04,1.212593E-04,1.118962E-04,1.035219E-04,9.603756E-05,8.935820E-05,8.341035E-05,7.813070E-05,7.346471E-05,6.936556E-05,6.579317E-05,6.271351E-05,6.009791E-05,5.792252E-05,5.616791E-05,5.481865E-05,5.386304E-05,5.329291E-05,5.310340E-05
    1.963495,1.915475E-02,2.176312E-02,3.151446E-02,5.750747E-02,1.367031E-01,4.716347E-01,2.679018E+00,1.808568E+01,3.111883E+01,1.470980E+01,2.135591E+00,3.852406E-01,1.091194E-01,4.194259E-02,1.942639E-02,1.018472E-02,5.856418E-03,3.641970E-03,2.439512E-03,1.758563E-03,1.358359E-03,1.112261E-03,9.515360E-04,8.388405E-04,7.540443E-04,6.862889E-04,6.296237E-04,5.806843E-04,5.374826E-04,4.987781E-04,4.637489E-04,4.318166E-04,4.025506E-04,3.756152E-04,3.507383E-04,3.276931E-04,3.062863E-04,2.863508E-04,2.677406E-04,2.503266E-04,2.339944E-04,2.186418E-04,2.041773E-04,1.905185E-04,1.775912E-04,1.653280E-04,1.536678E-04,1.425549E-04,1.319386E-04,1.217722E-04,1.120129E-04,1.026212E-04,9.356042E-05,8.479662E-05,7.629806E-05,6.803505E-05,5.997964E-05,5.210547E-05,4.438760E-05,3.680240E-05,2.932773E-05,2.194358E-05,1.463550E-05,7.418504E-06,1.477709E-06
    2.159845,1.921848E-02,2.287012E-02,3.437436E-02,5.831734E-02,1.117914E-01,2.601936E-01,8.517471E-01,4.426830E+00,2.324825E+01,2.938184E+01,9.848914E+00,1.625864E+00,3.850659E-01,1.403032E-01,6.629228E-02,3.653122E-02,2.223807E-02,1.451160E-02,9.967975E-03,7.122105E-03,5.249936E-03,3.968895E-03,3.063580E-03,2.406294E-03,1.918032E-03,1.548117E-03,1.263030E-03,1.039999E-03,8.631871E-04,7.213547E-04,6.063749E-04,5.122754E-04,4.346020E-04,3.699882E-04,3.158583E-04,2.702200E-04,2.315164E-04,1.985196E-04,1.702528E-04,1.459333E-04,1.249291E-04,1.067272E-04,9.090872E-05,7.713042E-05,6.511065E-05,5.461868E-05,4.546706E-05,3.750684E-05,3.062586E-05,2.475097E-05,1.985515E-05,1.596873E-05,1.318078E-05,1.158540E-05,1.113834E-05,1.156515E-05,1.249039E-05,1.361108E-05,1.473955E-05,1.577216E-05,1.665398E-05,1.735644E-05,1.786491E-05,1.817215E-05,1.827487E-05
    2.356194,5.883982E-03,1.037656E-02,2.028967E-02,3.692094E-02,6.874445E-02,1.420072E-01,3.623705E-01,1.353954E+00,7.552947E+00,2.758931E+01,2.581554E+01,5.994865E+00,1.129824E+00,3.274945E-01,1.365479E-01,7.032812E-02,4.119777E-02,2.629661E-02,1.784682E-02,1.268260E-02,9.341171E-03,7.079742E-03,5.492527E-03,4.344505E-03,3.492890E-03,2.847391E-03,2.348948E-03,1.957782E-03,1.646414E-03,1.395432E-03,1.190853E-03,1.022422E-03,8.825021E-04,7.653217E-04,6.664639E-04,5.825076E-04,5.107750E-04,4.491490E-04,3.959405E-04,3.497909E-04,3.095985E-04,2.744639E-04,2.436478E-04,2.165389E-04,1.926286E-04,1.714918E-04,1.527714E-04,1.361661E-04,1.214206E-04,1.083181E-04,9.667358E-05,8.632926E-05,7.715017E-05,6.902104E-05,6.184367E-05,5.553493E-05,5.002525E-05,4.525748E-05,4.118613E-05,3.777675E-05,3.500517E-05,3.285644E-05,3.132316E-05,3.040304E-05,3.009622E-05
    2.552544,3.630392E-03,5.036553E-03,8.698967E-03,1.515805E-02,2.737422E-02,5.396153E-02,1.247555E-01,3.821631E-01,1.834724E+00,1.191119E+01,3.040222E+01,2.101561E+01,3.487447E+00,6.533378E-01,2.003669E-01,8.694321E-02,4.616949E-02,2.778512E-02,1.818713E-02,1.264213E-02,9.192810E-03,6.922846E-03,5.361318E-03,4.247980E-03,3.430399E-03,2.814939E-03,2.341745E-03,1.971249E-03,1.676523E-03,1.438776E-03,1.244604E-03,1.084258E-03,9.505199E-04,8.379659E-04,7.424604E-04,6.608104E-04,5.905221E-04,5.296267E-04,4.765550E-04,4.300449E-04,3.890730E-04,3.528031E-04,3.205469E-04,2.917345E-04,2.658913E-04,2.426194E-04,2.215842E-04,2.025031E-04,1.851366E-04,1.692816E-04,1.547658E-04,1.414437E-04,1.291935E-04,1.179150E-04,1.075283E-04,9.797381E-05,8.921289E-05,8.122997E-05,7.403538E-05,6.766902E-05,6.220324E-05,5.774234E-05,5.441413E-05,5.234914E-05,5.164806E-05
    2.748894,2.955671E-03,3.421630E-03,4.825904E-03,7.456156E-03,1.236313E-02,2.247818E-02,4.681051E-02,1.200832E-01,4.306588E-01,2.478047E+00,1.704173E+01,3.121244E+01,1.573800E+01,2.271824E+00,3.986173E-01,1.103605E-01,4.192410E-02,1.942223E-02,1.031957E-02,6.093639E-03,3.930256E-03,2.736216E-03,2.033476E-03,1.594182E-03,1.302927E-03,1.098668E-03,9.479522E-04,8.318031E-04,7.390519E-04,6.628580E-04,5.988560E-04,5.441441E-04,4.967171E-04,4.551396E-04,4.183509E-04,3.855452E-04,3.560960E-04,3.295060E-04,3.053740E-04,2.833716E-04,2.632266E-04,2.447112E-04,2.276333E-04,2.118292E-04,1.971594E-04,1.835038E-04,1.707591E-04,1.588363E-04,1.476590E-04,1.371617E-04,1.272890E-04,1.179952E-04,1.092436E-04,1.010069E-04,9.326809E-05,8.602082E-05,7.927165E-05,7.304193E-05,6.737043E-05,6.231581E-05,5.795790E-05,5.439564E-05,5.173900E-05,5.009290E-05,4.953463E-05
    2.945243,1.098861E-02,1.154214E-02,1.332219E-02,1.675542E-02,2.283134E-02,3.378868E-02,5.512824E-02,1.026784E-01,2.347796E-01,7.600417E-01,3.975064E+00,2.227355E+01,2.988203E+01,1.074159E+01,1.717526E+00,3.846664E-01,1.339555E-01,6.117432E-02,3.277652E-02,1.945267E-02,1.238881E-02,8.306002E-03,5.789859E-03,4.160548E-03,3.063221E-03,2.300226E-03,1.755529E-03,1.357990E-03,1.062376E-03,8.390175E-04,6.679252E-04,5.353152E-04,4.314852E-04,3.494816E-04,2.842398E-04,2.320178E-04,1.900152E-04,1.561113E-04,1.286836E-04,1.064781E-04,8.851584E-05,7.402468E-05,6.238732E-05,5.310184E-05,4.575118E-05,3.998035E-05,3.548116E-05,3.198398E-05,2.925542E-05,2.709889E-05,2.535527E-05,2.390160E-05,2.264744E-05,2.152986E-05,2.050798E-05,1.955806E-05,1.866930E-05,1.784064E-05,1.707822E-05,1.639334E-05,1.580069E-05,1.531655E-05,1.495680E-05,1.473489E-05,1.465986E-05
    3.141593,6.259065E-03,6.868908E-03,8.696785E-03,1.190644E-02,1.711069E-02,2.576249E-02,4.116827E-02,7.162047E-02,1.419548E-01,3.498937E-01,1.255854E+00,6.830125E+00,2.683607E+01,2.663674E+01,6.653584E+00,1.230122E+00,3.457813E-01,1.412419E-01,7.171041E-02,4.152838E-02,2.624315E-02,1.764750E-02,1.243303E-02,9.082340E-03,6.829597E-03,5.258610E-03,4.129464E-03,3.297033E-03,2.669929E-03,2.188609E-03,1.813127E-03,1.515993E-03,1.277866E-03,1.084862E-03,9.268418E-04,7.962813E-04,6.875172E-04,5.962318E-04,5.190938E-04,4.535056E-04,3.974215E-04,3.492157E-04,3.075848E-04,2.714765E-04,2.400344E-04,2.125569E-04,1.884659E-04,1.672821E-04,1.486062E-04,1.321037E-04,1.174933E-04,1.045382E-04,9.303793E-05,8.282375E-05,7.375379E-05,6.571032E-05,5.859794E-05,5.234286E-05,4.689323E-05,4.222033E-05,3.831984E-05,3.521168E-05,3.293592E-05,3.154212E-05,3.107203E-05
    3.337942,3.120087E-03,3.386346E-03,4.199349E-03,5.655046E-03,8.036926E-03,1.197912E-02,1.885983E-02,3.191927E-02,5.993687E-02,1.323407E-01,3.844901E-01,1.741375E+00,1.097473E+01,2.999641E+01,2.202250E+01,3.868963E+00,7.365590E-01,2.267951E-01,9.852632E-02,5.224994E-02,3.134433E-02,2.042908E-02,1.413158E-02,1.022337E-02,7.659182E-03,5.901312E-03,4.652601E-03,3.739103E-03,3.054084E-03,2.529425E-03,2.120177E-03,1.795812E-03,1.535077E-03,1.322846E-03,1.148143E-03,1.002867E-03,8.809424E-04,7.777493E-04,6.897307E-04,6.141150E-04,5.487199E-04,4.918104E-04,4.419942E-04,3.981451E-04,3.593449E-04,3.248399E-04,2.940070E-04,2.663285E-04,2.413719E-04,2.187741E-04,1.982299E-04,1.794822E-04,1.623148E-04,1.465477E-04,1.320328E-04,1.186533E-04,1.063233E-04,9.499118E-05,8.464583E-05,7.532704E-05,6.714006E-05,6.027121E-05,5.499249E-05,5.162989E-05,5.046992E-05
    3.534292,9.718658E-04,1.061257E-03,1.330262E-03,1.804771E-03,2.577045E-03,3.862234E-03,6.131770E-03,1.047838E-02,1.973048E-02,4.248019E-02,1.116287E-01,4.037303E-01,2.310116E+00,1.600072E+01,3.122332E+01,1.677654E+01,2.432767E+00,4.230998E-01,1.178963E-01,4.600375E-02,2.228344E-02,1.253484E-02,7.869540E-03,5.367326E-03,3.898707E-03,2.971206E-03,2.349153E-03,1.910857E-03,1.589291E-03,1.345406E-03,1.155308E-03,1.003733E-03,8.805515E-04,7.788186E-04,6.936318E-04,6.214424E-04,5.596246E-04,5.061970E-04,4.596396E-04,4.187679E-04,3.826472E-04,3.505307E-04,3.218158E-04,2.960115E-04,2.727150E-04,2.515928E-04,2.323683E-04,2.148101E-04,1.987250E-04,1.839514E-04,1.703546E-04,1.578236E-04,1.462681E-04,1.356170E-04,1.258174E-04,1.168338E-04,1.086488E-04,1.012626E-04,9.469353E-05,8.897757E-05,8.416638E-05,8.032296E-05,7.751415E-05,7.580031E-05,7.522392E-05
    3.730641,5.023480E-03,5.182505E-03,5.678525E-03,6.575478E-03,8.005754E-03,1.022002E-02,1.369280E-02,1.936435E-02,2.925523E-02,4.825668E-02,9.041142E-02,2.075272E-01,6.742655E-01,3.579682E+00,2.127274E+01,3.030703E+01,1.166979E+01,1.810777E+00,3.831469E-01,1.271854E-01,5.607308E-02,2.924569E-02,1.698189E-02,1.061398E-02,6.996534E-03,4.800088E-03,3.396444E-03,2.462429E-03,1.820292E-03,1.366834E-03,1.039415E-03,7.985671E-04,6.186192E-04,4.824162E-04,3.782202E-04,2.978355E-04,2.354380E-04,1.868265E-04,1.489315E-04,1.194843E-04,9.678660E-05,7.954172E-05,6.672270E-05,5.746745E-05,5.100698E-05,4.663883E-05,4.374265E-05,4.181055E-05,4.046218E-05,3.943585E-05,3.856493E-05,3.775148E-05,3.694404E-05,3.612119E-05,3.528043E-05,3.443087E-05,3.358848E-05,3.277312E-05,3.200650E-05,3.131071E-05,3.070699E-05,3.021471E-05,2.985034E-05,2.962643E-05,2.955089E-05
    3.926991,2.356216E-03,2.620039E-03,3.355752E-03,4.511911E-03,6.151879E-03,8.477847E-03,1.188532E-02,1.711922E-02,2.565721E-02,4.070637E-02,7.016520E-02,1.373235E-01,3.318950E-01,1.155046E+00,6.157940E+00,2.602857E+01,2.740380E+01,7.363795E+00,1.330073E+00,3.611529E-01,1.442956E-01,7.224077E-02,4.141720E-02,2.596570E-02,1.734382E-02,1.214627E-02,8.824256E-03,6.601244E-03,5.057517E-03,3.952250E-03,3.140356E-03,2.530800E-03,2.064464E-03,1.701806E-03,1.415691E-03,1.187075E-03,1.002327E-03,8.515097E-04,7.272697E-04,6.240831E-04,5.377475E-04,4.650279E-04,4.034067E-04,3.509058E-04,3.059564E-04,2.673038E-04,2.339374E-04,2.050369E-04,1.799325E-04,1.580739E-04,1.390069E-04,1.223547E-04,1.078038E-04,9.509274E-05,8.400354E-05,7.435499E-05,6.599769E-05,5.881050E-05,5.269809E-05,4.758934E-05,4.343597E-05,4.021057E-05,3.790304E-05,3.651475E-05,3.605109E-05
    4.123340,1.268076E-03,1.407085E-03,1.797053E-03,2.414167E-03,3.293664E-03,4.542140E-03,6.363250E-03,9.129855E-03,1.355417E-02,2.110410E-02,3.513970E-02,6.454811E-02,1.382678E-01,3.846447E-01,1.648915E+00,1.007310E+01,2.951480E+01,2.300479E+01,4.304754E+00,8.267621E-01,2.533934E-01,1.095893E-01,5.785211E-02,3.453471E-02,2.239163E-02,1.540589E-02,1.108404E-02,8.257693E-03,6.326603E-03,4.959537E-03,3.962930E-03,3.218225E-03,2.649898E-03,2.208210E-03,1.859450E-03,1.580191E-03,1.353796E-03,1.168217E-03,1.014576E-03,8.862325E-04,7.781450E-04,6.864407E-04,6.081086E-04,5.407834E-04,4.825893E-04,4.320255E-04,3.878820E-04,3.491765E-04,3.151065E-04,2.850137E-04,2.583554E-04,2.346842E-04,2.136310E-04,1.948932E-04,1.782245E-04,1.634284E-04,1.503528E-04,1.388857E-04,1.289529E-04,1.205137E-04,1.135576E-04,1.080976E-04,1.041621E-04,1.017835E-04,1.009874E-04
    4.319690,8.102768E-04,8.202324E-04,8.532470E-04,9.199980E-04,1.042566E-03,1.261444E-03,1.647431E-03,2.325365E-03,3.529552E-03,5.741018E-03,1.005141E-02,1.925390E-02,4.173540E-02,1.091446E-01,3.881222E-01,2.168880E+00,1.496970E+01,3.115011E+01,1.782084E+01,2.625733E+00,4.603461E-01,1.316264E-01,5.351317E-02,2.713972E-02,1.592418E-02,1.033464E-02,7.209006E-03,5.303055E-03,4.060642E-03,3.207195E-03,2.595881E-03,2.142869E-03,1.797625E-03,1.528269E-03,1.313893E-03,1.140329E-03,9.976989E-04,8.789430E-04,7.789058E-04,6.937508E-04,6.205735E-04,5.571423E-04,5.017184E-04,4.529309E-04,4.096860E-04,3.711025E-04,3.364633E-04,3.051801E-04,2.767659E-04,2.508146E-04,2.269854E-04,2.049901E-04,1.845843E-04,1.655592E-04,1.477370E-04,1.309665E-04,1.151213E-04,1.001000E-04,8.583038E-05,7.228073E-05,5.948766E-05,4.762378E-05,3.716715E-05,2.928628E-05,2.616253E-05
    4.516039,1.231672E-03,1.329670E-03,1.605949E-03,2.036000E-03,2.621771E-03,3.399288E-03,4.443793E-03,5.887405E-03,7.960631E-03,1.108359E-02,1.607707E-02,2.470193E-02,4.124021E-02,7.807990E-02,1.812977E-01,5.970485E-01,3.237510E+00,2.025181E+01,3.065414E+01,1.262959E+01,1.907371E+00,3.811583E-01,1.199900E-01,5.070982E-02,2.555956E-02,1.442208E-02,8.791797E-03,5.666217E-03,3.806429E-03,2.639240E-03,1.875259E-03,1.357976E-03,9.979210E-04,7.415635E-04,5.556392E-04,4.188172E-04,3.170642E-04,2.409671E-04,1.841376E-04,1.422261E-04,1.122641E-04,9.212806E-05,8.000889E-05,7.400308E-05,7.211760E-05,7.261826E-05,7.427887E-05,7.636087E-05,7.846815E-05,8.041017E-05,8.211001E-05,8.355023E-05,8.474285E-05,8.571304E-05,8.649050E-05,8.710503E-05,8.758431E-05,8.795301E-05,8.823238E-05,8.844030E-05,8.859141E-05,8.869733E-05,8.876687E-05,8.880617E-05,8.881887E-05
    4.712389,1.088635E-03,1.220185E-03,1.572366E-03,2.092374E-03,2.776376E-03,3.664427E-03,4.837696E-03,6.432559E-03,8.676335E-03,1.196176E-02,1.700596E-02,2.521607E-02,3.962371E-02,6.763286E-02,1.308222E-01,3.108719E-01,1.054215E+00,5.538547E+00,2.517137E+01,2.811230E+01,8.123154E+00,1.428166E+00,3.726640E-01,1.450569E-01,7.141398E-02,4.044896E-02,2.511305E-02,1.663433E-02,1.156146E-02,8.340040E-03,6.196719E-03,4.716161E-03,3.661336E-03,2.890119E-03,2.313710E-03,1.874661E-03,1.534687E-03,1.267603E-03,1.055090E-03,8.840719E-04,7.450496E-04,6.310098E-04,5.367007E-04,4.581371E-04,3.922599E-04,3.366949E-04,2.895813E-04,2.494475E-04,2.151201E-04,1.856561E-04,1.602925E-04,1.384080E-04,1.194937E-04,1.031311E-04,8.897468E-05,7.673891E-05,6.618872E-05,5.713278E-05,4.941971E-05,4.293707E-05,3.761285E-05,3.341791E-05,3.036534E-05,2.849963E-05,2.787044E-05
    4.908739,6.453612E-04,7.266594E-04,9.435531E-04,1.263289E-03,1.684217E-03,2.231506E-03,2.954809E-03,3.935963E-03,5.308562E-03,7.297593E-03,1.030070E-02,1.506565E-02,2.311395E-02,3.787739E-02,6.826264E-02,1.425444E-01,3.819195E-01,1.555695E+00,9.210195E+00,2.896059E+01,2.395652E+01,4.795797E+00,9.220512E-01,2.791915E-01,1.196694E-01,6.273176E-02,3.721578E-02,2.399021E-02,1.641414E-02,1.174589E-02,8.704790E-03,6.634758E-03,5.174715E-03,4.114189E-03,3.324583E-03,2.724178E-03,2.259276E-03,1.893568E-03,1.601880E-03,1.366373E-03,1.174157E-03,1.015756E-03,8.840974E-04,7.738249E-04,6.808331E-04,6.019385E-04,5.346469E-04,4.769858E-04,4.273825E-04,3.845731E-04,3.475355E-04,3.154382E-04,2.876020E-04,2.634700E-04,2.425847E-04,2.245702E-04,2.091181E-04,1.959763E-04,1.849404E-04,1.758467E-04,1.685657E-04,1.629983E-04,1.590712E-04,1.567343E-04,1.559585E-04
    5.105088,4.468728E-04,4.522932E-04,4.695547E-04,5.019030E-04,5.555836E-04,6.411762E-04,7.757218E-04,9.862986E-04,1.316701E-03,1.840777E-03,2.690087E-03,4.114129E-03,6.621742E-03,1.134815E-02,2.113941E-02,4.435825E-02,1.118266E-01,3.815816E-01,2.048102E+00,1.395426E+01,3.099304E+01,1.886531E+01,2.857517E+00,5.107208E-01,1.504661E-01,6.322978E-02,3.293786E-02,1.966133E-02,1.286426E-02,8.982720E-03,6.581196E-03,5.002208E-03,3.913575E-03,3.134002E-03,2.558210E-03,2.121874E-03,1.783990E-03,1.517473E-03,1.303878E-03,1.130309E-03,9.875406E-04,8.688392E-04,7.692030E-04,6.848572E-04,6.129128E-04,5.511311E-04,4.977582E-04,4.514063E-04,4.109683E-04,3.755544E-04,3.444458E-04,3.170592E-04,2.929204E-04,2.716439E-04,2.529174E-04,2.364894E-04,2.221598E-04,2.097716E-04,1.992049E-04,1.903704E-04,1.832045E-04,1.776641E-04,1.737219E-04,1.713619E-04,1.705760E-04
    5.301438,1.352740E-03,1.376034E-03,1.446875E-03,1.568434E-03,1.746925E-03,1.992980E-03,2.323737E-03,2.766146E-03,3.362558E-03,4.180668E-03,5.332181E-03,7.009860E-03,9.566406E-03,1.369732E-02,2.091322E-02,3.494136E-02,6.673258E-02,1.575825E-01,5.303202E-01,2.945160E+00,1.921670E+01,3.092122E+01,1.361642E+01,2.010644E+00,3.806002E-01,1.133179E-01,4.553628E-02,2.190928E-02,1.182505E-02,6.899279E-03,4.253563E-03,2.730293E-03,1.806613E-03,1.224535E-03,8.476542E-04,5.997718E-04,4.363173E-04,3.299757E-04,2.628772E-04,2.222566E-04,1.984699E-04,1.844884E-04,1.756966E-04,1.693907E-04,1.641324E-04,1.592215E-04,1.543537E-04,1.494265E-04,1.444338E-04,1.394128E-04,1.344167E-04,1.295021E-04,1.247233E-04,1.201305E-04,1.157692E-04,1.116810E-04,1.079042E-04,1.044741E-04,1.014237E-04,9.878320E-05,9.658035E-05,9.483939E-05,9.358048E-05,9.281881E-05,9.256385E-05
    5.497787,2.012054E-03,2.039244E-03,2.122545E-03,2.267369E-03,2.483523E-03,2.786550E-03,3.200014E-03,3.759273E-03,4.517789E-03,5.557966E-03,7.010425E-03,9.089888E-03,1.216575E-02,1.691051E-02,2.463907E-02,3.817097E-02,6.434837E-02,1.229315E-01,2.876959E-01,9.551204E-01,4.973872E+00,2.426950E+01,2.875797E+01,8.928573E+00,1.523832E+00,3.801765E-01,1.435085E-01,6.924414E-02,3.864477E-02,2.370674E-02,1.553942E-02,1.069776E-02,7.647966E-03,5.633826E-03,4.252239E-03,3.274613E-03,2.564634E-03,2.037555E-03,1.638798E-03,1.332139E-03,1.092901E-03,9.038842E-04,7.528568E-04,6.309613E-04,5.316805E-04,4.501491E-04,3.826866E-04,3.264751E-04,2.793333E-04,2.395553E-04,2.057944E-04,1.769777E-04,1.522438E-04,1.308955E-04,1.123649E-04,9.618725E-05,8.198090E-05,6.943426E-05,5.829793E-05,4.838459E-05,3.958165E-05,3.188922E-05,2.550962E-05,2.100483E-05,1.931346E-05
    5.694137,1.130394E-03,1.150145E-03,1.210552E-03,1.315258E-03,1.470936E-03,1.688269E-03,1.983526E-03,2.381087E-03,2.917566E-03,3.648742E-03,4.661598E-03,6.096102E-03,8.186539E-03,1.134466E-02,1.633929E-02,2.472058E-02,3.994329E-02,7.083142E-02,1.447814E-01,3.756201E-01,1.460655E+00,8.389691E+00,2.833739E+01,2.487181E+01,5.342052E+00,1.020671E+00,3.033949E-01,1.284342E-01,6.674171E-02,3.932181E-02,2.519871E-02,1.715109E-02,1.221526E-02,9.013338E-03,6.842236E-03,5.316337E-03,4.211578E-03,3.391459E-03,2.769470E-03,2.288918E-03,1.911558E-03,1.610936E-03,1.368348E-03,1.170305E-03,1.006909E-03,8.707856E-04,7.563558E-04,6.593486E-04,5.764534E-04,5.050764E-04,4.431645E-04,3.890779E-04,3.414955E-04,2.993452E-04,2.617522E-04,2.280003E-04,1.975046E-04,1.697952E-04,1.445107E-04,1.214103E-04,1.004156E-04,8.171490E-05,6.599334E-05,5.481440E-05,5.061075E-05
    5.890486,2.617058E-05,2.489788E-05,2.733676E-05,4.659654E-05,8.515130E-05,1.436296E-04,2.265599E-04,3.420810E-04,5.029245E-04,7.288057E-04,1.050800E-03,1.519318E-03,2.219214E-03,3.299940E-03,5.039773E-03,7.993961E-03,1.337216E-02,2.413140E-02,4.872878E-02,1.174306E-01,3.804959E-01,1.941053E+00,1.295964E+01,3.075327E+01,1.990402E+01,3.133337E+00,5.732725E-01,1.730495E-01,7.426732E-02,3.922415E-02,2.357796E-02,1.545823E-02,1.078060E-02,7.872429E-03,5.956525E-03,4.635634E-03,3.691012E-03,2.994815E-03,2.468593E-03,2.062207E-03,1.742496E-03,1.486872E-03,1.279551E-03,1.109255E-03,9.677675E-04,8.489944E-04,7.483477E-04,6.623240E-04,5.882153E-04,5.239057E-04,4.677268E-04,4.183534E-04,3.747281E-04,3.360060E-04,3.015150E-04,2.707284E-04,2.432466E-04,2.187869E-04,1.971806E-04,1.783753E-04,1.624382E-04,1.495540E-04,1.400018E-04,1.340966E-04,1.320949E-04
    6.086836,5.017314E-04,5.173924E-04,5.632989E-04,6.372275E-04,7.377013E-04,8.652762E-04,1.023106E-03,1.217351E-03,1.457899E-03,1.759759E-03,2.145573E-03,2.650105E-03,3.328404E-03,4.271360E-03,5.637018E-03,7.718332E-03,1.110302E-02,1.709347E-02,2.897180E-02,5.656910E-02,1.374822E-01,4.759526E-01,2.699421E+00,1.817336E+01,3.110642E+01,1.462526E+01,2.126364E+00,3.851881E-01,1.096613E-01,4.238905E-02,1.974236E-02,1.038706E-02,5.959460E-03,3.655440E-03,2.372031E-03,1.621094E-03,1.165790E-03,8.821907E-04,7.012273E-04,5.825396E-04,5.019176E-04,4.447523E-04,4.022717E-04,3.692338E-04,3.424994E-04,3.201676E-04,3.010636E-04,2.844406E-04,2.698079E-04,2.568308E-04,2.452719E-04,2.349565E-04,2.257517E-04,2.175535E-04,2.102789E-04,2.038602E-04,1.982419E-04,1.933784E-04,1.892318E-04,1.857713E-04,1.829720E-04,1.808143E-04,1.792833E-04,1.783688E-04,1.780647E-04
