iter,energy
     0,  6.2665703732E-01
     1,  6.2665700599E-01
     2,  6.2665697466E-01
     3,  6.2665694333E-01
     4,  6.2665691199E-01
     5,  6.2665688066E-01
     6,  6.2665684933E-01
     7,  6.2665681800E-01
     8,  6.2665678666E-01
     9,  6.2665675533E-01
    10,  6.2665672400E-01
    11,  6.2665669266E-01
    12,  6.2665666133E-01
    13,  6.2665663000E-01
    14,  6.2665659867E-01
    15,  6.2665656733E-01
    16,  6.2665653600E-01
    17,  6.2665650467E-01
    18,  6.2665647334E-01
    19,  6.2665644200E-01
    20,  6.2665641067E-01
    21,  6.2665637934E-01
    22,  6.2665634801E-01
    23,  6.2665631667E-01
    24,  6.2665628534E-01
    25,  6.2665625401E-01
    26,  6.2665622268E-01
    27,  6.2665619134E-01
    28,  6.2665616001E-01
    29,  6.2665612868E-01
    30,  6.2665609735E-01
    31,  6.2665606602E-01
    32,  6.2665603468E-01
    33,  6.2665600335E-01
    34,  6.2665597202E-01
    35,  6.2665594069E-01
    36,  6.2665590935E-01
    37,  6.2665587802E-01
    38,  6.2665584669E-01
    39,  6.2665581536E-01
    40,  6.2665578403E-01
    41,  6.2665575269E-01
    42,  6.2665572136E-01
    43,  6.2665569003E-01
    44,  6.2665565870E-01
    45,  6.2665562736E-01
    46,  6.2665559603E-01
    47,  6.2665556470E-01
    48,  6.2665553337E-01
    49,  6.2665550204E-01
    50,  6.2665547070E-01
    51,  6.2665543937E-01
    52,  6.2665540804E-01
    53,  6.2665537671E-01
    54,  6.2665534538E-01
    55,  6.2665531404E-01
    56,  6.2665528271E-01
    57,  6.2665525138E-01
    58,  6.2665522005E-01
    59,  6.2665518872E-01
    60,  6.2665515739E-01
    61,  6.2665512605E-01
    62,  6.2665509472E-01
    63,  6.2665506339E-01
    64,  6.2665503206E-01
    65,  6.2665500073E-01
    66,  6.2665496939E-01
    67,  6.2665493806E-01
    68,  6.2665490673E-01
    69,  6.2665487540E-01
    70,  6.2665484407E-01
    71,  6.2665481274E-01
    72,  6.2665478141E-01
    73,  6.2665475007E-01
    74,  6.2665471874E-01
    75,  6.2665468741E-01
    76,  6.2665465608E-01
    77,  6.2665462475E-01
    78,  6.2665459342E-01
    79,  6.2665456208E-01
    80,  6.2665453075E-01
    81,  6.2665449942E-01
    82,  6.2665446809E-01
    83,  6.2665443676E-01
    84,  6.2665440543E-01
    85,  6.2665437410E-01
    86,  6.2665434276E-01
    87,  6.2665431143E-01
    88,  6.2665428010E-01
    89,  6.2665424877E-01
    90,  6.2665421744E-01
    91,  6.2665418611E-01
    92,  6.2665415478E-01
    93,  6.2665412345E-01
    94,  6.2665409211E-01
    95,  6.2665406078E-01
    96,  6.2665402945E-01
    97,  6.2665399812E-01
    98,  6.2665396679E-01
    99,  6.2665393546E-01
   100,  6.2665390413E-01
   101,  6.2665387280E-01
   102,  6.2665384146E-01
   103,  6.2665381013E-01
   104,  6.2665377880E-01
   105,  6.2665374747E-01
   106,  6.2665371614E-01
   107,  6.2665368481E-01
   108,  6.2665365348E-01
   109,  6.2665362215E-01
   110,  6.2665359082E-01
   111,  6.2665355949E-01
   112,  6.2665352815E-01
   113,  6.2665349682E-01
   114,  6.2665346549E-01
   115,  6.2665343416E-01
   116,  6.2665340283E-01
   117,  6.2665337150E-01
   118,  6.2665334017E-01
   119,  6.2665330884E-01
   120,  6.2665327751E-01
   121,  6.2665324618E-01
   122,  6.2665321485E-01
   123,  6.2665318352E-01
   124,  6.2665315219E-01
   125,  6.2665312085E-01
   126,  6.2665308952E-01
   127,  6.2665305819E-01
   128,  6.2665302686E-01
   129,  6.2665299553E-01
   130,  6.2665296420E-01
   131,  6.2665293287E-01
   132,  6.2665290154E-01
   133,  6.2665287021E-01
   134,  6.2665283888E-01
   135,  6.2665280755E-01
   136,  6.2665277622E-01
   137,  6.2665274489E-01
   138,  6.2665271356E-01
   139,  6.2665268223E-01
   140,  6.2665265090E-01
   141,  6.2665261957E-01
   142,  6.2665258824E-01
   143,  6.2665255690E-01
   144,  6.2665252557E-01
   145,  6.2665249424E-01
   146,  6.2665246291E-01
   147,  6.2665243158E-01
   148,  6.2665240025E-01
   149,  6.2665236892E-01
   150,  6.2665233759E-01
   151,  6.2665230626E-01
   152,  6.2665227493E-01
   153,  6.2665224360E-01
   154,  6.2665221227E-01
   155,  6.2665218094E-01
   156,  6.2665214961E-01
   157,  6.2665211828E-01
   158,  6.2665208695E-01
   159,  6.2665205562E-01
   160,  6.2665202429E-01
   161,  6.2665199296E-01
   162,  6.2665196163E-01
   163,  6.2665193030E-01
   164,  6.2665189897E-01
   165,  6.2665186764E-01
   166,  6.2665183631E-01
   167,  6.2665180498E-01
   168,  6.2665177365E-01
   169,  6.2665174232E-01
   170,  6.2665171099E-01
   171,  6.2665167966E-01
   172,  6.2665164833E-01
   173,  6.2665161700E-01
   174,  6.2665158567E-01
   175,  6.2665155434E-01
   176,  6.2665152301E-01
   177,  6.2665149168E-01
   178,  6.2665146035E-01
   179,  6.2665142902E-01
   180,  6.2665139769E-01
   181,  6.2665136636E-01
   182,  6.2665133503E-01
   183,  6.2665130370E-01
   184,  6.2665127237E-01
   185,  6.2665124104E-01
   186,  6.2665120971E-01
   187,  6.2665117838E-01
   188,  6.2665114706E-01
   189,  6.2665111573E-01
   190,  6.2665108440E-01
   191,  6.2665105307E-01
   192,  6.2665102174E-01
   193,  6.2665099041E-01
   194,  6.2665095908E-01
   195,  6.2665092775E-01
   196,  6.2665089642E-01
   197,  6.2665086509E-01
   198,  6.2665083376E-01
   199,  6.2665080243E-01
   200,  6.2665077110E-01
   201,  6.2665073977E-01
   202,  6.2665070844E-01
   203,  6.2665067711E-01
   204,  6.2665064578E-01
   205,  6.2665061445E-01
   206,  6.2665058313E-01
   207,  6.2665055180E-01
   208,  6.2665052047E-01
   209,  6.2665048914E-01
   210,  6.2665045781E-01
   211,  6.2665042648E-01
   212,  6.2665039515E-01
   213,  6.2665036382E-01
   214,  6.2665033249E-01
   215,  6.2665030116E-01
   216,  6.2665026983E-01
   217,  6.2665023850E-01
   218,  6.2665020717E-01
   219,  6.2665017585E-01
   220,  6.2665014452E-01
   221,  6.2665011319E-01
   222,  6.2665008186E-01
   223,  6.2665005053E-01
   224,  6.2665001920E-01
   225,  6.2664998787E-01
   226,  6.2664995654E-01
   227,  6.2664992521E-01
   228,  6.2664989388E-01
   229,  6.2664986256E-01
   230,  6.2664983123E-01
   231,  6.2664979990E-01
   232,  6.2664976857E-01
   233,  6.2664973724E-01
   234,  6.2664970591E-01
   235,  6.2664967458E-01
   236,  6.2664964325E-01
   237,  6.2664961193E-01
   238,  6.2664958060E-01
   239,  6.2664954927E-01
   240,  6.2664951794E-01
   241,  6.2664948661E-01
   242,  6.2664945528E-01
   243,  6.2664942395E-01
   244,  6.2664939262E-01
   245,  6.2664936130E-01
   246,  6.2664932997E-01
   247,  6.2664929864E-01
   248,  6.2664926731E-01
   249,  6.2664923598E-01
   250,  6.2664920465E-01
   251,  6.2664917332E-01
   252,  6.2664914200E-01
   253,  6.2664911067E-01
   254,  6.2664907934E-01
   255,  6.2664904801E-01
   256,  6.2664901668E-01
   257,  6.2664898535E-01
   258,  6.2664895403E-01
   259,  6.2664892270E-01
   260,  6.2664889137E-01
   261,  6.2664886004E-01
   262,  6.2664882871E-01
   263,  6.2664879738E-01
   264,  6.2664876606E-01
   265,  6.2664873473E-01
   266,  6.2664870340E-01
   267,  6.2664867207E-01
   268,  6.2664864074E-01
   269,  6.2664860941E-01
   270,  6.2664857809E-01
   271,  6.2664854676E-01
   272,  6.2664851543E-01
   273,  6.2664848410E-01
   274,  6.2664845277E-01
   275,  6.2664842144E-01
   276,  6.2664839012E-01
   277,  6.2664835879E-01
   278,  6.2664832746E-01
   279,  6.2664829613E-01
   280,  6.2664826480E-01
   281,  6.2664823348E-01
   282,  6.2664820215E-01
   283,  6.2664817082E-01
   284,  6.2664813949E-01
   285,  6.2664810816E-01
   286,  6.2664807684E-01
   287,  6.2664804551E-01
   288,  6.2664801418E-01
   289,  6.2664798285E-01
   290,  6.2664795153E-01
   291,  6.2664792020E-01
   292,  6.2664788887E-01
   293,  6.2664785754E-01
   294,  6.2664782621E-01
   295,  6.2664779489E-01
   296,  6.2664776356E-01
   297,  6.2664773223E-01
   298,  6.2664770090E-01
   299,  6.2664766958E-01
   300,  6.2664763825E-01
   301,  6.2664760692E-01
   302,  6.2664757559E-01
   303,  6.2664754426E-01
   304,  6.2664751294E-01
   305,  6.2664748161E-01
   306,  6.2664745028E-01
   307,  6.2664741895E-01
   308,  6.2664738763E-01
   309,  6.2664735630E-01
   310,  6.2664732497E-01
   311,  6.2664729364E-01
   312,  6.2664726232E-01
   313,  6.2664723099E-01
   314,  6.2664719966E-01
   315,  6.2664716833E-01
   316,  6.2664713701E-01
   317,  6.2664710568E-01
   318,  6.2664707435E-01
   319,  6.2664704302E-01
   320,  6.2664701170E-01
   321,  6.2664698037E-01
   322,  6.2664694904E-01
   323,  6.2664691772E-01
   324,  6.2664688639E-01
   325,  6.2664685506E-01
   326,  6.2664682373E-01
   327,  6.2664679241E-01
   328,  6.2664676108E-01
   329,  6.2664672975E-01
   330,  6.2664669843E-01
   331,  6.2664666710E-01
   332,  6.2664663577E-01
   333,  6.2664660444E-01
   334,  6.2664657312E-01
   335,  6.2664654179E-01
   336,  6.2664651046E-01
   337,  6.2664647914E-01
   338,  6.2664644781E-01
   339,  6.2664641648E-01
   340,  6.2664638515E-01
   341,  6.2664635383E-01
   342,  6.2664632250E-01
   343,  6.2664629117E-01
   344,  6.2664625985E-01
   345,  6.2664622852E-01
   346,  6.2664619719E-01
   347,  6.2664616587E-01
   348,  6.2664613454E-01
   349,  6.2664610321E-01
   350,  6.2664607189E-01
   351,  6.2664604056E-01
   352,  6.2664600923E-01
   353,  6.2664597791E-01
   354,  6.2664594658E-01
   355,  6.2664591525E-01
   356,  6.2664588392E-01
   357,  6.2664585260E-01
   358,  6.2664582127E-01
   359,  6.2664578994E-01
   360,  6.2664575862E-01
   361,  6.2664572729E-01
   362,  6.2664569596E-01
   363,  6.2664566464E-01
   364,  6.2664563331E-01
   365,  6.2664560199E-01
   366,  6.2664557066E-01
   367,  6.2664553933E-01
   368,  6.2664550801E-01
   369,  6.2664547668E-01
   370,  6.2664544535E-01
   371,  6.2664541403E-01
   372,  6.2664538270E-01
   373,  6.2664535137E-01
   374,  6.2664532005E-01
   375,  6.2664528872E-01
   376,  6.2664525739E-01
   377,  6.2664522607E-01
   378,  6.2664519474E-01
   379,  6.2664516342E-01
   380,  6.2664513209E-01
   381,  6.2664510076E-01
   382,  6.2664506944E-01
   383,  6.2664503811E-01
   384,  6.2664500678E-01
   385,  6.2664497546E-01
   386,  6.2664494413E-01
   387,  6.2664491281E-01
   388,  6.2664488148E-01
   389,  6.2664485015E-01
   390,  6.2664481883E-01
   391,  6.2664478750E-01
   392,  6.2664475617E-01
   393,  6.2664472485E-01
   394,  6.2664469352E-01
   395,  6.2664466220E-01
   396,  6.2664463087E-01
   397,  6.2664459954E-01
   398,  6.2664456822E-01
   399,  6.2664453689E-01
   400,  6.2664450557E-01
   401,  6.2664447424E-01
   402,  6.2664444291E-01
   403,  6.2664441159E-01
   404,  6.2664438026E-01
   405,  6.2664434894E-01
   406,  6.2664431761E-01
   407,  6.2664428629E-01
   408,  6.2664425496E-01
   409,  6.2664422363E-01
   410,  6.2664419231E-01
   411,  6.2664416098E-01
   412,  6.2664412966E-01
   413,  6.2664409833E-01
   414,  6.2664406700E-01
   415,  6.2664403568E-01
   416,  6.2664400435E-01
   417,  6.2664397303E-01
   418,  6.2664394170E-01
   419,  6.2664391038E-01
   420,  6.2664387905E-01
   421,  6.2664384773E-01
   422,  6.2664381640E-01
   423,  6.2664378507E-01
   424,  6.2664375375E-01
   425,  6.2664372242E-01
   426,  6.2664369110E-01
   427,  6.2664365977E-01
   428,  6.2664362845E-01
   429,  6.2664359712E-01
   430,  6.2664356580E-01
   431,  6.2664353447E-01
   432,  6.2664350314E-01
   433,  6.2664347182E-01
   434,  6.2664344049E-01
   435,  6.2664340917E-01
   436,  6.2664337784E-01
   437,  6.2664334652E-01
   438,  6.2664331519E-01
   439,  6.2664328387E-01
   440,  6.2664325254E-01
   441,  6.2664322122E-01
   442,  6.2664318989E-01
   443,  6.2664315857E-01
   444,  6.2664312724E-01
   445,  6.2664309592E-01
   446,  6.2664306459E-01
   447,  6.2664303327E-01
   448,  6.2664300194E-01
   449,  6.2664297062E-01
   450,  6.2664293929E-01
   451,  6.2664290797E-01
   452,  6.2664287664E-01
   453,  6.2664284531E-01
   454,  6.2664281399E-01
   455,  6.2664278266E-01
   456,  6.2664275134E-01
   457,  6.2664272001E-01
   458,  6.2664268869E-01
   459,  6.2664265737E-01
   460,  6.2664262604E-01
   461,  6.2664259472E-01
   462,  6.2664256339E-01
   463,  6.2664253207E-01
   464,  6.2664250074E-01
   465,  6.2664246942E-01
   466,  6.2664243809E-01
   467,  6.2664240677E-01
   468,  6.2664237544E-01
   469,  6.2664234412E-01
   470,  6.2664231279E-01
   471,  6.2664228147E-01
   472,  6.2664225014E-01
   473,  6.2664221882E-01
   474,  6.2664218749E-01
   475,  6.2664215617E-01
   476,  6.2664212484E-01
   477,  6.2664209352E-01
   478,  6.2664206219E-01
   479,  6.2664203087E-01
   480,  6.2664199955E-01
   481,  6.2664196822E-01
   482,  6.2664193690E-01
   483,  6.2664190557E-01
   484,  6.2664187425E-01
   485,  6.2664184292E-01
   486,  6.2664181160E-01
   487,  6.2664178027E-01
   488,  6.2664174895E-01
   489,  6.2664171762E-01
   490,  6.2664168630E-01
   491,  6.2664165498E-01
   492,  6.2664162365E-01
   493,  6.2664159233E-01
   494,  6.2664156100E-01
   495,  6.2664152968E-01
   496,  6.2664149835E-01
   497,  6.2664146703E-01
   498,  6.2664143571E-01
   499,  6.2664140438E-01
   500,  6.2664137306E-01
   501,  6.2664134173E-01
   502,  6.2664131041E-01
   503,  6.2664127908E-01
   504,  6.2664124776E-01
   505,  6.2664121644E-01
   506,  6.2664118511E-01
   507,  6.2664115379E-01
   508,  6.2664112246E-01
   509,  6.2664109114E-01
   510,  6.2664105982E-01
   511,  6.2664102849E-01
   512,  6.2664099717E-01
   513,  6.2664096584E-01
   514,  6.2664093452E-01
   515,  6.2664090320E-01
   516,  6.2664087187E-01
   517,  6.2664084055E-01
   518,  6.2664080922E-01
   519,  6.2664077790E-01
   520,  6.2664074658E-01
   521,  6.2664071525E-01
   522,  6.2664068393E-01
   523,  6.2664065260E-01
   524,  6.2664062128E-01
   525,  6.2664058996E-01
   526,  6.2664055863E-01
   527,  6.2664052731E-01
   528,  6.2664049599E-01
   529,  6.2664046466E-01
   530,  6.2664043334E-01
   531,  6.2664040201E-01
   532,  6.2664037069E-01
   533,  6.2664033937E-01
   534,  6.2664030804E-01
   535,  6.2664027672E-01
   536,  6.2664024540E-01
   537,  6.2664021407E-01
   538,  6.2664018275E-01
   539,  6.2664015143E-01
   540,  6.2664012010E-01
   541,  6.2664008878E-01
   542,  6.2664005745E-01
   543,  6.2664002613E-01
   544,  6.2663999481E-01
   545,  6.2663996348E-01
   546,  6.2663993216E-01
   547,  6.2663990084E-01
   548,  6.2663986951E-01
   549,  6.2663983819E-01
   550,  6.2663980687E-01
   551,  6.2663977554E-01
   552,  6.2663974422E-01
   553,  6.2663971290E-01
   554,  6.2663968157E-01
   555,  6.2663965025E-01
   556,  6.2663961893E-01
   557,  6.2663958760E-01
   558,  6.2663955628E-01
   559,  6.2663952496E-01
   560,  6.2663949363E-01
   561,  6.2663946231E-01
   562,  6.2663943099E-01
   563,  6.2663939966E-01
   564,  6.2663936834E-01
   565,  6.2663933702E-01
   566,  6.2663930570E-01
   567,  6.2663927437E-01
   568,  6.2663924305E-01
   569,  6.2663921173E-01
   570,  6.2663918040E-01
   571,  6.2663914908E-01
   572,  6.2663911776E-01
   573,  6.2663908643E-01
   574,  6.2663905511E-01
   575,  6.2663902379E-01
   576,  6.2663899247E-01
   577,  6.2663896114E-01
   578,  6.2663892982E-01
   579,  6.2663889850E-01
   580,  6.2663886717E-01
   581,  6.2663883585E-01
   582,  6.2663880453E-01
   583,  6.2663877321E-01
   584,  6.2663874188E-01
   585,  6.2663871056E-01
   586,  6.2663867924E-01
   587,  6.2663864791E-01
   588,  6.2663861659E-01
   589,  6.2663858527E-01
   590,  6.2663855395E-01
   591,  6.2663852262E-01
   592,  6.2663849130E-01
   593,  6.2663845998E-01
   594,  6.2663842866E-01
   595,  6.2663839733E-01
   596,  6.2663836601E-01
   597,  6.2663833469E-01
   598,  6.2663830336E-01
   599,  6.2663827204E-01
   600,  6.2663824072E-01
   601,  6.2663820940E-01
   602,  6.2663817807E-01
   603,  6.2663814675E-01
   604,  6.2663811543E-01
   605,  6.2663808411E-01
   606,  6.2663805279E-01
   607,  6.2663802146E-01
   608,  6.2663799014E-01
   609,  6.2663795882E-01
   610,  6.2663792750E-01
   611,  6.2663789617E-01
   612,  6.2663786485E-01
   613,  6.2663783353E-01
   614,  6.2663780221E-01
   615,  6.2663777088E-01
   616,  6.2663773956E-01
   617,  6.2663770824E-01
   618,  6.2663767692E-01
   619,  6.2663764560E-01
   620,  6.2663761427E-01
   621,  6.2663758295E-01
   622,  6.2663755163E-01
   623,  6.2663752031E-01
   624,  6.2663748898E-01
   625,  6.2663745766E-01
   626,  6.2663742634E-01
   627,  6.2663739502E-01
   628,  6.2663736370E-01
   629,  6.2663733237E-01
   630,  6.2663730105E-01
   631,  6.2663726973E-01
   632,  6.2663723841E-01
   633,  6.2663720709E-01
   634,  6.2663717576E-01
   635,  6.2663714444E-01
   636,  6.2663711312E-01
   637,  6.2663708180E-01
   638,  6.2663705048E-01
   639,  6.2663701916E-01
   640,  6.2663698783E-01
   641,  6.2663695651E-01
   642,  6.2663692519E-01
   643,  6.2663689387E-01
   644,  6.2663686255E-01
   645,  6.2663683122E-01
   646,  6.2663679990E-01
   647,  6.2663676858E-01
   648,  6.2663673726E-01
   649,  6.2663670594E-01
   650,  6.2663667462E-01
   651,  6.2663664329E-01
   652,  6.2663661197E-01
   653,  6.2663658065E-01
   654,  6.2663654933E-01
   655,  6.2663651801E-01
   656,  6.2663648669E-01
   657,  6.2663645536E-01
   658,  6.2663642404E-01
   659,  6.2663639272E-01
   660,  6.2663636140E-01
   661,  6.2663633008E-01
   662,  6.2663629876E-01
   663,  6.2663626744E-01
   664,  6.2663623611E-01
   665,  6.2663620479E-01
   666,  6.2663617347E-01
   667,  6.2663614215E-01
   668,  6.2663611083E-01
   669,  6.2663607951E-01
   670,  6.2663604819E-01
   671,  6.2663601686E-01
   672,  6.2663598554E-01
   673,  6.2663595422E-01
   674,  6.2663592290E-01
   675,  6.2663589158E-01
   676,  6.2663586026E-01
   677,  6.2663582894E-01
   678,  6.2663579762E-01
   679,  6.2663576630E-01
   680,  6.2663573497E-01
   681,  6.2663570365E-01
   682,  6.2663567233E-01
   683,  6.2663564101E-01
   684,  6.2663560969E-01
   685,  6.2663557837E-01
   686,  6.2663554705E-01
   687,  6.2663551573E-01
   688,  6.2663548441E-01
   689,  6.2663545308E-01
   690,  6.2663542176E-01
   691,  6.2663539044E-01
   692,  6.2663535912E-01
   693,  6.2663532780E-01
   694,  6.2663529648E-01
   695,  6.2663526516E-01
   696,  6.2663523384E-01
   697,  6.2663520252E-01
   698,  6.2663517120E-01
   699,  6.2663513988E-01
   700,  6.2663510855E-01
   701,  6.2663507723E-01
   702,  6.2663504591E-01
   703,  6.2663501459E-01
   704,  6.2663498327E-01
   705,  6.2663495195E-01
   706,  6.2663492063E-01
   707,  6.2663488931E-01
   708,  6.2663485799E-01
   709,  6.2663482667E-01
   710,  6.2663479535E-01
   711,  6.2663476403E-01
   712,  6.2663473271E-01
   713,  6.2663470139E-01
   714,  6.2663467007E-01
   715,  6.2663463874E-01
   716,  6.2663460742E-01
   717,  6.2663457610E-01
   718,  6.2663454478E-01
   719,  6.2663451346E-01
   720,  6.2663448214E-01
   721,  6.2663445082E-01
   722,  6.2663441950E-01
   723,  6.2663438818E-01
   724,  6.2663435686E-01
   725,  6.2663432554E-01
   726,  6.2663429422E-01
   727,  6.2663426290E-01
   728,  6.2663423158E-01
   729,  6.2663420026E-01
   730,  6.2663416894E-01
   731,  6.2663413762E-01
   732,  6.2663410630E-01
   733,  6.2663407498E-01
   734,  6.2663404366E-01
   735,  6.2663401234E-01
   736,  6.2663398102E-01
   737,  6.2663394970E-01
   738,  6.2663391838E-01
   739,  6.2663388706E-01
   740,  6.2663385574E-01
   741,  6.2663382442E-01
   742,  6.2663379310E-01
   743,  6.2663376178E-01
   744,  6.2663373046E-01
   745,  6.2663369914E-01
   746,  6.2663366782E-01
   747,  6.2663363650E-01
   748,  6.2663360518E-01
   749,  6.2663357386E-01
   750,  6.2663354254E-01
   751,  6.2663351122E-01
   752,  6.2663347990E-01
   753,  6.2663344858E-01
   754,  6.2663341726E-01
   755,  6.2663338594E-01
   756,  6.2663335462E-01
   757,  6.2663332330E-01
   758,  6.2663329198E-01
   759,  6.2663326066E-01
   760,  6.2663322934E-01
   761,  6.2663319802E-01
   762,  6.2663316670E-01
   763,  6.2663313538E-01
   764,  6.2663310406E-01
   765,  6.2663307274E-01
   766,  6.2663304142E-01
   767,  6.2663301010E-01
   768,  6.2663297878E-01
   769,  6.2663294746E-01
   770,  6.2663291614E-01
   771,  6.2663288482E-01
   772,  6.2663285350E-01
   773,  6.2663282218E-01
   774,  6.2663279086E-01
   775,  6.2663275954E-01
   776,  6.2663272822E-01
   777,  6.2663269690E-01
   778,  6.2663266559E-01
   779,  6.2663263427E-01
   780,  6.2663260295E-01
   781,  6.2663257163E-01
   782,  6.2663254031E-01
   783,  6.2663250899E-01
   784,  6.2663247767E-01
   785,  6.2663244635E-01
   786,  6.2663241503E-01
   787,  6.2663238371E-01
   788,  6.2663235239E-01
   789,  6.2663232107E-01
   790,  6.2663228975E-01
   791,  6.2663225843E-01
   792,  6.2663222711E-01
   793,  6.2663219580E-01
   794,  6.2663216448E-01
   795,  6.2663213316E-01
   796,  6.2663210184E-01
   797,  6.2663207052E-01
   798,  6.2663203920E-01
   799,  6.2663200788E-01
   800,  6.2663197656E-01
   801,  6.2663194524E-01
   802,  6.2663191392E-01
   803,  6.2663188260E-01
   804,  6.2663185129E-01
   805,  6.2663181997E-01
   806,  6.2663178865E-01
   807,  6.2663175733E-01
   808,  6.2663172601E-01
   809,  6.2663169469E-01
   810,  6.2663166337E-01
   811,  6.2663163205E-01
   812,  6.2663160073E-01
   813,  6.2663156942E-01
   814,  6.2663153810E-01
   815,  6.2663150678E-01
   816,  6.2663147546E-01
   817,  6.2663144414E-01
   818,  6.2663141282E-01
   819,  6.2663138150E-01
   820,  6.2663135018E-01
   821,  6.2663131887E-01
   822,  6.2663128755E-01
   823,  6.2663125623E-01
   824,  6.2663122491E-01
   825,  6.2663119359E-01
   826,  6.2663116227E-01
   827,  6.2663113095E-01
   828,  6.2663109963E-01
   829,  6.2663106832E-01
   830,  6.2663103700E-01
   831,  6.2663100568E-01
   832,  6.2663097436E-01
   833,  6.2663094304E-01
   834,  6.2663091172E-01
   835,  6.2663088040E-01
   836,  6.2663084909E-01
   837,  6.2663081777E-01
   838,  6.2663078645E-01
   839,  6.2663075513E-01
   840,  6.2663072381E-01
   841,  6.2663069249E-01
   842,  6.2663066118E-01
   843,  6.2663062986E-01
   844,  6.2663059854E-01
   845,  6.2663056722E-01
   846,  6.2663053590E-01
   847,  6.2663050458E-01
   848,  6.2663047327E-01
   849,  6.2663044195E-01
   850,  6.2663041063E-01
   851,  6.2663037931E-01
   852,  6.2663034799E-01
   853,  6.2663031668E-01
   854,  6.2663028536E-01
   855,  6.2663025404E-01
   856,  6.2663022272E-01
   857,  6.2663019140E-01
   858,  6.2663016008E-01
   859,  6.2663012877E-01
   860,  6.2663009745E-01
   861,  6.2663006613E-01
   862,  6.2663003481E-01
   863,  6.2663000349E-01
   864,  6.2662997218E-01
   865,  6.2662994086E-01
   866,  6.2662990954E-01
   867,  6.2662987822E-01
   868,  6.2662984690E-01
   869,  6.2662981559E-01
   870,  6.2662978427E-01
   871,  6.2662975295E-01
   872,  6.2662972163E-01
   873,  6.2662969032E-01
   874,  6.2662965900E-01
   875,  6.2662962768E-01
   876,  6.2662959636E-01
   877,  6.2662956504E-01
   878,  6.2662953373E-01
   879,  6.2662950241E-01
   880,  6.2662947109E-01
   881,  6.2662943977E-01
   882,  6.2662940846E-01
   883,  6.2662937714E-01
   884,  6.2662934582E-01
   885,  6.2662931450E-01
   886,  6.2662928319E-01
   887,  6.2662925187E-01
   888,  6.2662922055E-01
   889,  6.2662918923E-01
   890,  6.2662915792E-01
   891,  6.2662912660E-01
   892,  6.2662909528E-01
   893,  6.2662906396E-01
   894,  6.2662903265E-01
   895,  6.2662900133E-01
   896,  6.2662897001E-01
   897,  6.2662893869E-01
   898,  6.2662890738E-01
   899,  6.2662887606E-01
   900,  6.2662884474E-01
   901,  6.2662881342E-01
   902,  6.2662878211E-01
   903,  6.2662875079E-01
   904,  6.2662871947E-01
   905,  6.2662868815E-01
   906,  6.2662865684E-01
   907,  6.2662862552E-01
   908,  6.2662859420E-01
   909,  6.2662856289E-01
   910,  6.2662853157E-01
   911,  6.2662850025E-01
   912,  6.2662846893E-01
   913,  6.2662843762E-01
   914,  6.2662840630E-01
   915,  6.2662837498E-01
   916,  6.2662834367E-01
   917,  6.2662831235E-01
   918,  6.2662828103E-01
   919,  6.2662824971E-01
   920,  6.2662821840E-01
   921,  6.2662818708E-01
   922,  6.2662815576E-01
   923,  6.2662812445E-01
   924,  6.2662809313E-01
   925,  6.2662806181E-01
   926,  6.2662803050E-01
   927,  6.2662799918E-01
   928,  6.2662796786E-01
   929,  6.2662793654E-01
   930,  6.2662790523E-01
   931,  6.2662787391E-01
   932,  6.2662784259E-01
   933,  6.2662781128E-01
   934,  6.2662777996E-01
   935,  6.2662774864E-01
   936,  6.2662771733E-01
   937,  6.2662768601E-01
   938,  6.2662765469E-01
   939,  6.2662762338E-01
   940,  6.2662759206E-01
   941,  6.2662756074E-01
   942,  6.2662752943E-01
   943,  6.2662749811E-01
   944,  6.2662746679E-01
   945,  6.2662743548E-01
   946,  6.2662740416E-01
   947,  6.2662737284E-01
   948,  6.2662734153E-01
   949,  6.2662731021E-01
   950,  6.2662727889E-01
   951,  6.2662724758E-01
   952,  6.2662721626E-01
   953,  6.2662718495E-01
   954,  6.2662715363E-01
   955,  6.2662712231E-01
   956,  6.2662709100E-01
   957,  6.2662705968E-01
   958,  6.2662702836E-01
   959,  6.2662699705E-01
   960,  6.2662696573E-01
   961,  6.2662693441E-01
   962,  6.2662690310E-01
   963,  6.2662687178E-01
   964,  6.2662684047E-01
   965,  6.2662680915E-01
   966,  6.2662677783E-01
   967,  6.2662674652E-01
   968,  6.2662671520E-01
   969,  6.2662668388E-01
   970,  6.2662665257E-01
   971,  6.2662662125E-01
   972,  6.2662658994E-01
   973,  6.2662655862E-01
   974,  6.2662652730E-01
   975,  6.2662649599E-01
   976,  6.2662646467E-01
   977,  6.2662643336E-01
   978,  6.2662640204E-01
   979,  6.2662637072E-01
   980,  6.2662633941E-01
   981,  6.2662630809E-01
   982,  6.2662627678E-01
   983,  6.2662624546E-01
   984,  6.2662621414E-01
   985,  6.2662618283E-01
   986,  6.2662615151E-01
   987,  6.2662612020E-01
   988,  6.2662608888E-01
   989,  6.2662605756E-01
   990,  6.2662602625E-01
   991,  6.2662599493E-01
   992,  6.2662596362E-01
   993,  6.2662593230E-01
   994,  6.2662590099E-01
   995,  6.2662586967E-01
   996,  6.2662583835E-01
   997,  6.2662580704E-01
   998,  6.2662577572E-01
   999,  6.2662574441E-01
  1000,  6.2662571309E-01
  1001,  6.2662568178E-01
  1002,  6.2662565046E-01
  1003,  6.2662561915E-01
  1004,  6.2662558783E-01
  1005,  6.2662555651E-01
  1006,  6.2662552520E-01
  1007,  6.2662549388E-01
  1008,  6.2662546257E-01
  1009,  6.2662543125E-01
  1010,  6.2662539994E-01
  1011,  6.2662536862E-01
  1012,  6.2662533731E-01
  1013,  6.2662530599E-01
  1014,  6.2662527467E-01
  1015,  6.2662524336E-01
  1016,  6.2662521204E-01
  1017,  6.2662518073E-01
  1018,  6.2662514941E-01
  1019,  6.2662511810E-01
  1020,  6.2662508678E-01
  1021,  6.2662505547E-01
  1022,  6.2662502415E-01
  1023,  6.2662499284E-01
  1024,  6.2662496152E-01
  1025,  6.2662493021E-01
  1026,  6.2662489889E-01
  1027,  6.2662486758E-01
  1028,  6.2662483626E-01
  1029,  6.2662480495E-01
  1030,  6.2662477363E-01
  1031,  6.2662474232E-01
  1032,  6.2662471100E-01
  1033,  6.2662467969E-01
  1034,  6.2662464837E-01
  1035,  6.2662461706E-01
  1036,  6.2662458574E-01
  1037,  6.2662455443E-01
  1038,  6.2662452311E-01
  1039,  6.2662449180E-01
  1040,  6.2662446048E-01
  1041,  6.2662442917E-01
  1042,  6.2662439785E-01
  1043,  6.2662436654E-01
  1044,  6.2662433522E-01
  1045,  6.2662430391E-01
  1046,  6.2662427259E-01
  1047,  6.2662424128E-01
  1048,  6.2662420996E-01
  1049,  6.2662417865E-01
  1050,  6.2662414733E-01
  1051,  6.2662411602E-01
  1052,  6.2662408470E-01
  1053,  6.2662405339E-01
  1054,  6.2662402207E-01
  1055,  6.2662399076E-01
  1056,  6.2662395944E-01
  1057,  6.2662392813E-01
  1058,  6.2662389681E-01
  1059,  6.2662386550E-01
  1060,  6.2662383419E-01
  1061,  6.2662380287E-01
  1062,  6.2662377156E-01
  1063,  6.2662374024E-01
  1064,  6.2662370893E-01
  1065,  6.2662367761E-01
  1066,  6.2662364630E-01
  1067,  6.2662361498E-01
  1068,  6.2662358367E-01
  1069,  6.2662355235E-01
  1070,  6.2662352104E-01
  1071,  6.2662348973E-01
  1072,  6.2662345841E-01
  1073,  6.2662342710E-01
  1074,  6.2662339578E-01
  1075,  6.2662336447E-01
  1076,  6.2662333315E-01
  1077,  6.2662330184E-01
  1078,  6.2662327053E-01
  1079,  6.2662323921E-01
  1080,  6.2662320790E-01
  1081,  6.2662317658E-01
  1082,  6.2662314527E-01
  1083,  6.2662311395E-01
  1084,  6.2662308264E-01
  1085,  6.2662305133E-01
  1086,  6.2662302001E-01
  1087,  6.2662298870E-01
  1088,  6.2662295738E-01
  1089,  6.2662292607E-01
  1090,  6.2662289475E-01
  1091,  6.2662286344E-01
  1092,  6.2662283213E-01
  1093,  6.2662280081E-01
  1094,  6.2662276950E-01
  1095,  6.2662273818E-01
  1096,  6.2662270687E-01
  1097,  6.2662267556E-01
  1098,  6.2662264424E-01
  1099,  6.2662261293E-01
  1100,  6.2662258161E-01
  1101,  6.2662255030E-01
  1102,  6.2662251899E-01
  1103,  6.2662248767E-01
  1104,  6.2662245636E-01
  1105,  6.2662242505E-01
  1106,  6.2662239373E-01
  1107,  6.2662236242E-01
  1108,  6.2662233110E-01
  1109,  6.2662229979E-01
  1110,  6.2662226848E-01
  1111,  6.2662223716E-01
  1112,  6.2662220585E-01
  1113,  6.2662217454E-01
  1114,  6.2662214322E-01
  1115,  6.2662211191E-01
  1116,  6.2662208059E-01
  1117,  6.2662204928E-01
  1118,  6.2662201797E-01
  1119,  6.2662198665E-01
  1120,  6.2662195534E-01
  1121,  6.2662192403E-01
  1122,  6.2662189271E-01
  1123,  6.2662186140E-01
  1124,  6.2662183009E-01
  1125,  6.2662179877E-01
  1126,  6.2662176746E-01
  1127,  6.2662173615E-01
  1128,  6.2662170483E-01
  1129,  6.2662167352E-01
  1130,  6.2662164221E-01
  1131,  6.2662161089E-01
  1132,  6.2662157958E-01
  1133,  6.2662154827E-01
  1134,  6.2662151695E-01
  1135,  6.2662148564E-01
  1136,  6.2662145433E-01
  1137,  6.2662142301E-01
  1138,  6.2662139170E-01
  1139,  6.2662136039E-01
  1140,  6.2662132907E-01
  1141,  6.2662129776E-01
  1142,  6.2662126645E-01
  1143,  6.2662123513E-01
  1144,  6.2662120382E-01
  1145,  6.2662117251E-01
  1146,  6.2662114119E-01
  1147,  6.2662110988E-01
  1148,  6.2662107857E-01
  1149,  6.2662104725E-01
  1150,  6.2662101594E-01
  1151,  6.2662098463E-01
  1152,  6.2662095331E-01
  1153,  6.2662092200E-01
  1154,  6.2662089069E-01
  1155,  6.2662085938E-01
  1156,  6.2662082806E-01
  1157,  6.2662079675E-01
  1158,  6.2662076544E-01
  1159,  6.2662073412E-01
  1160,  6.2662070281E-01
  1161,  6.2662067150E-01
  1162,  6.2662064019E-01
  1163,  6.2662060887E-01
  1164,  6.2662057756E-01
  1165,  6.2662054625E-01
  1166,  6.2662051493E-01
  1167,  6.2662048362E-01
  1168,  6.2662045231E-01
  1169,  6.2662042100E-01
  1170,  6.2662038968E-01
  1171,  6.2662035837E-01
  1172,  6.2662032706E-01
  1173,  6.2662029575E-01
  1174,  6.2662026443E-01
  1175,  6.2662023312E-01
  1176,  6.2662020181E-01
  1177,  6.2662017049E-01
  1178,  6.2662013918E-01
  1179,  6.2662010787E-01
  1180,  6.2662007656E-01
  1181,  6.2662004524E-01
  1182,  6.2662001393E-01
  1183,  6.2661998262E-01
  1184,  6.2661995131E-01
  1185,  6.2661991999E-01
  1186,  6.2661988868E-01
  1187,  6.2661985737E-01
  1188,  6.2661982606E-01
  1189,  6.2661979474E-01
  1190,  6.2661976343E-01
  1191,  6.2661973212E-01
  1192,  6.2661970081E-01
  1193,  6.2661966950E-01
  1194,  6.2661963818E-01
  1195,  6.2661960687E-01
  1196,  6.2661957556E-01
  1197,  6.2661954425E-01
  1198,  6.2661951293E-01
  1199,  6.2661948162E-01
  1200,  6.2661945031E-01
  1201,  6.2661941900E-01
  1202,  6.2661938769E-01
  1203,  6.2661935637E-01
  1204,  6.2661932506E-01
  1205,  6.2661929375E-01
  1206,  6.2661926244E-01
  1207,  6.2661923112E-01
  1208,  6.2661919981E-01
  1209,  6.2661916850E-01
  1210,  6.2661913719E-01
  1211,  6.2661910588E-01
  1212,  6.2661907456E-01
  1213,  6.2661904325E-01
  1214,  6.2661901194E-01
  1215,  6.2661898063E-01
  1216,  6.2661894932E-01
  1217,  6.2661891801E-01
  1218,  6.2661888669E-01
  1219,  6.2661885538E-01
  1220,  6.2661882407E-01
  1221,  6.2661879276E-01
  1222,  6.2661876145E-01
  1223,  6.2661873013E-01
  1224,  6.2661869882E-01
  1225,  6.2661866751E-01
  1226,  6.2661863620E-01
  1227,  6.2661860489E-01
  1228,  6.2661857358E-01
  1229,  6.2661854226E-01
  1230,  6.2661851095E-01
  1231,  6.2661847964E-01
  1232,  6.2661844833E-01
  1233,  6.2661841702E-01
  1234,  6.2661838571E-01
  1235,  6.2661835439E-01
  1236,  6.2661832308E-01
  1237,  6.2661829177E-01
  1238,  6.2661826046E-01
  1239,  6.2661822915E-01
  1240,  6.2661819784E-01
  1241,  6.2661816652E-01
  1242,  6.2661813521E-01
  1243,  6.2661810390E-01
  1244,  6.2661807259E-01
  1245,  6.2661804128E-01
  1246,  6.2661800997E-01
  1247,  6.2661797866E-01
  1248,  6.2661794734E-01
  1249,  6.2661791603E-01
  1250,  6.2661788472E-01
  1251,  6.2661785341E-01
  1252,  6.2661782210E-01
  1253,  6.2661779079E-01
  1254,  6.2661775948E-01
  1255,  6.2661772817E-01
  1256,  6.2661769685E-01
  1257,  6.2661766554E-01
  1258,  6.2661763423E-01
  1259,  6.2661760292E-01
  1260,  6.2661757161E-01
  1261,  6.2661754030E-01
  1262,  6.2661750899E-01
  1263,  6.2661747768E-01
  1264,  6.2661744636E-01
  1265,  6.2661741505E-01
  1266,  6.2661738374E-01
  1267,  6.2661735243E-01
  1268,  6.2661732112E-01
  1269,  6.2661728981E-01
  1270,  6.2661725850E-01
  1271,  6.2661722719E-01
  1272,  6.2661719588E-01
  1273,  6.2661716457E-01
  1274,  6.2661713325E-01
  1275,  6.2661710194E-01
  1276,  6.2661707063E-01
  1277,  6.2661703932E-01
  1278,  6.2661700801E-01
  1279,  6.2661697670E-01
  1280,  6.2661694539E-01
  1281,  6.2661691408E-01
  1282,  6.2661688277E-01
  1283,  6.2661685146E-01
  1284,  6.2661682015E-01
  1285,  6.2661678884E-01
  1286,  6.2661675752E-01
  1287,  6.2661672621E-01
  1288,  6.2661669490E-01
  1289,  6.2661666359E-01
  1290,  6.2661663228E-01
  1291,  6.2661660097E-01
  1292,  6.2661656966E-01
  1293,  6.2661653835E-01
  1294,  6.2661650704E-01
  1295,  6.2661647573E-01
  1296,  6.2661644442E-01
  1297,  6.2661641311E-01
  1298,  6.2661638180E-01
  1299,  6.2661635049E-01
  1300,  6.2661631918E-01
  1301,  6.2661628787E-01
  1302,  6.2661625656E-01
  1303,  6.2661622525E-01
  1304,  6.2661619393E-01
  1305,  6.2661616262E-01
  1306,  6.2661613131E-01
  1307,  6.2661610000E-01
  1308,  6.2661606869E-01
  1309,  6.2661603738E-01
  1310,  6.2661600607E-01
  1311,  6.2661597476E-01
  1312,  6.2661594345E-01
  1313,  6.2661591214E-01
  1314,  6.2661588083E-01
  1315,  6.2661584952E-01
  1316,  6.2661581821E-01
  1317,  6.2661578690E-01
  1318,  6.2661575559E-01
  1319,  6.2661572428E-01
  1320,  6.2661569297E-01
  1321,  6.2661566166E-01
  1322,  6.2661563035E-01
  1323,  6.2661559904E-01
  1324,  6.2661556773E-01
  1325,  6.2661553642E-01
  1326,  6.2661550511E-01
  1327,  6.2661547380E-01
  1328,  6.2661544249E-01
  1329,  6.2661541118E-01
  1330,  6.2661537987E-01
  1331,  6.2661534856E-01
  1332,  6.2661531725E-01
  1333,  6.2661528594E-01
  1334,  6.2661525463E-01
  1335,  6.2661522332E-01
  1336,  6.2661519201E-01
  1337,  6.2661516070E-01
  1338,  6.2661512939E-01
  1339,  6.2661509808E-01
  1340,  6.2661506677E-01
  1341,  6.2661503546E-01
  1342,  6.2661500415E-01
  1343,  6.2661497284E-01
  1344,  6.2661494153E-01
  1345,  6.2661491022E-01
  1346,  6.2661487891E-01
  1347,  6.2661484760E-01
  1348,  6.2661481629E-01
  1349,  6.2661478498E-01
  1350,  6.2661475367E-01
  1351,  6.2661472237E-01
  1352,  6.2661469106E-01
  1353,  6.2661465975E-01
  1354,  6.2661462844E-01
  1355,  6.2661459713E-01
  1356,  6.2661456582E-01
  1357,  6.2661453451E-01
  1358,  6.2661450320E-01
  1359,  6.2661447189E-01
  1360,  6.2661444058E-01
  1361,  6.2661440927E-01
  1362,  6.2661437796E-01
  1363,  6.2661434665E-01
  1364,  6.2661431534E-01
  1365,  6.2661428403E-01
  1366,  6.2661425272E-01
  1367,  6.2661422141E-01
  1368,  6.2661419010E-01
  1369,  6.2661415880E-01
  1370,  6.2661412749E-01
  1371,  6.2661409618E-01
  1372,  6.2661406487E-01
  1373,  6.2661403356E-01
  1374,  6.2661400225E-01
  1375,  6.2661397094E-01
  1376,  6.2661393963E-01
  1377,  6.2661390832E-01
  1378,  6.2661387701E-01
  1379,  6.2661384570E-01
  1380,  6.2661381439E-01
  1381,  6.2661378308E-01
  1382,  6.2661375178E-01
  1383,  6.2661372047E-01
  1384,  6.2661368916E-01
  1385,  6.2661365785E-01
  1386,  6.2661362654E-01
  1387,  6.2661359523E-01
  1388,  6.2661356392E-01
  1389,  6.2661353261E-01
  1390,  6.2661350130E-01
  1391,  6.2661346999E-01
  1392,  6.2661343869E-01
  1393,  6.2661340738E-01
  1394,  6.2661337607E-01
  1395,  6.2661334476E-01
  1396,  6.2661331345E-01
  1397,  6.2661328214E-01
  1398,  6.2661325083E-01
  1399,  6.2661321952E-01
  1400,  6.2661318822E-01
  1401,  6.2661315691E-01
  1402,  6.2661312560E-01
  1403,  6.2661309429E-01
  1404,  6.2661306298E-01
  1405,  6.2661303167E-01
  1406,  6.2661300036E-01
  1407,  6.2661296905E-01
  1408,  6.2661293775E-01
  1409,  6.2661290644E-01
  1410,  6.2661287513E-01
  1411,  6.2661284382E-01
  1412,  6.2661281251E-01
  1413,  6.2661278120E-01
  1414,  6.2661274989E-01
  1415,  6.2661271859E-01
  1416,  6.2661268728E-01
  1417,  6.2661265597E-01
  1418,  6.2661262466E-01
  1419,  6.2661259335E-01
  1420,  6.2661256204E-01
  1421,  6.2661253074E-01
  1422,  6.2661249943E-01
  1423,  6.2661246812E-01
  1424,  6.2661243681E-01
  1425,  6.2661240550E-01
  1426,  6.2661237419E-01
  1427,  6.2661234289E-01
  1428,  6.2661231158E-01
  1429,  6.2661228027E-01
  1430,  6.2661224896E-01
  1431,  6.2661221765E-01
  1432,  6.2661218634E-01
  1433,  6.2661215504E-01
  1434,  6.2661212373E-01
  1435,  6.2661209242E-01
  1436,  6.2661206111E-01
  1437,  6.2661202980E-01
  1438,  6.2661199850E-01
  1439,  6.2661196719E-01
  1440,  6.2661193588E-01
  1441,  6.2661190457E-01
  1442,  6.2661187326E-01
  1443,  6.2661184196E-01
  1444,  6.2661181065E-01
  1445,  6.2661177934E-01
  1446,  6.2661174803E-01
  1447,  6.2661171672E-01
  1448,  6.2661168542E-01
  1449,  6.2661165411E-01
  1450,  6.2661162280E-01
  1451,  6.2661159149E-01
  1452,  6.2661156018E-01
  1453,  6.2661152888E-01
  1454,  6.2661149757E-01
  1455,  6.2661146626E-01
  1456,  6.2661143495E-01
  1457,  6.2661140364E-01
  1458,  6.2661137234E-01
  1459,  6.2661134103E-01
  1460,  6.2661130972E-01
  1461,  6.2661127841E-01
  1462,  6.2661124711E-01
  1463,  6.2661121580E-01
  1464,  6.2661118449E-01
  1465,  6.2661115318E-01
  1466,  6.2661112188E-01
  1467,  6.2661109057E-01
  1468,  6.2661105926E-01
  1469,  6.2661102795E-01
  1470,  6.2661099664E-01
  1471,  6.2661096534E-01
  1472,  6.2661093403E-01
  1473,  6.2661090272E-01
  1474,  6.2661087141E-01
  1475,  6.2661084011E-01
  1476,  6.2661080880E-01
  1477,  6.2661077749E-01
  1478,  6.2661074619E-01
  1479,  6.2661071488E-01
  1480,  6.2661068357E-01
  1481,  6.2661065226E-01
  1482,  6.2661062096E-01
  1483,  6.2661058965E-01
  1484,  6.2661055834E-01
  1485,  6.2661052703E-01
  1486,  6.2661049573E-01
  1487,  6.2661046442E-01
  1488,  6.2661043311E-01
  1489,  6.2661040180E-01
  1490,  6.2661037050E-01
  1491,  6.2661033919E-01
  1492,  6.2661030788E-01
  1493,  6.2661027658E-01
  1494,  6.2661024527E-01
  1495,  6.2661021396E-01
  1496,  6.2661018265E-01
  1497,  6.2661015135E-01
  1498,  6.2661012004E-01
  1499,  6.2661008873E-01
  1500,  6.2661005743E-01
  1501,  6.2661002612E-01
  1502,  6.2660999481E-01
  1503,  6.2660996351E-01
  1504,  6.2660993220E-01
  1505,  6.2660990089E-01
  1506,  6.2660986958E-01
  1507,  6.2660983828E-01
  1508,  6.2660980697E-01
  1509,  6.2660977566E-01
  1510,  6.2660974436E-01
  1511,  6.2660971305E-01
  1512,  6.2660968174E-01
  1513,  6.2660965044E-01
  1514,  6.2660961913E-01
  1515,  6.2660958782E-01
  1516,  6.2660955652E-01
  1517,  6.2660952521E-01
  1518,  6.2660949390E-01
  1519,  6.2660946260E-01
  1520,  6.2660943129E-01
  1521,  6.2660939998E-01
  1522,  6.2660936868E-01
  1523,  6.2660933737E-01
  1524,  6.2660930606E-01
  1525,  6.2660927476E-01
  1526,  6.2660924345E-01
  1527,  6.2660921214E-01
  1528,  6.2660918084E-01
  1529,  6.2660914953E-01
  1530,  6.2660911822E-01
  1531,  6.2660908692E-01
  1532,  6.2660905561E-01
  1533,  6.2660902430E-01
  1534,  6.2660899300E-01
  1535,  6.2660896169E-01
  1536,  6.2660893038E-01
  1537,  6.2660889908E-01
  1538,  6.2660886777E-01
  1539,  6.2660883646E-01
  1540,  6.2660880516E-01
  1541,  6.2660877385E-01
  1542,  6.2660874255E-01
  1543,  6.2660871124E-01
  1544,  6.2660867993E-01
  1545,  6.2660864863E-01
  1546,  6.2660861732E-01
  1547,  6.2660858601E-01
  1548,  6.2660855471E-01
  1549,  6.2660852340E-01
  1550,  6.2660849210E-01
  1551,  6.2660846079E-01
  1552,  6.2660842948E-01
  1553,  6.2660839818E-01
  1554,  6.2660836687E-01
  1555,  6.2660833557E-01
  1556,  6.2660830426E-01
  1557,  6.2660827295E-01
  1558,  6.2660824165E-01
  1559,  6.2660821034E-01
  1560,  6.2660817904E-01
  1561,  6.2660814773E-01
  1562,  6.2660811642E-01
  1563,  6.2660808512E-01
  1564,  6.2660805381E-01
  1565,  6.2660802251E-01
  1566,  6.2660799120E-01
  1567,  6.2660795989E-01
  1568,  6.2660792859E-01
  1569,  6.2660789728E-01
  1570,  6.2660786598E-01
  1571,  6.2660783467E-01
  1572,  6.2660780336E-01
  1573,  6.2660777206E-01
  1574,  6.2660774075E-01
  1575,  6.2660770945E-01
  1576,  6.2660767814E-01
  1577,  6.2660764684E-01
  1578,  6.2660761553E-01
  1579,  6.2660758422E-01
  1580,  6.2660755292E-01
  1581,  6.2660752161E-01
  1582,  6.2660749031E-01
  1583,  6.2660745900E-01
  1584,  6.2660742770E-01
  1585,  6.2660739639E-01
  1586,  6.2660736508E-01
  1587,  6.2660733378E-01
  1588,  6.2660730247E-01
  1589,  6.2660727117E-01
  1590,  6.2660723986E-01
  1591,  6.2660720856E-01
  1592,  6.2660717725E-01
  1593,  6.2660714595E-01
  1594,  6.2660711464E-01
  1595,  6.2660708334E-01
  1596,  6.2660705203E-01
  1597,  6.2660702072E-01
  1598,  6.2660698942E-01
  1599,  6.2660695811E-01
  1600,  6.2660692681E-01
  1601,  6.2660689550E-01
  1602,  6.2660686420E-01
  1603,  6.2660683289E-01
  1604,  6.2660680159E-01
  1605,  6.2660677028E-01
  1606,  6.2660673898E-01
  1607,  6.2660670767E-01
  1608,  6.2660667637E-01
  1609,  6.2660664506E-01
  1610,  6.2660661376E-01
  1611,  6.2660658245E-01
  1612,  6.2660655115E-01
  1613,  6.2660651984E-01
  1614,  6.2660648854E-01
  1615,  6.2660645723E-01
  1616,  6.2660642593E-01
  1617,  6.2660639462E-01
  1618,  6.2660636332E-01
  1619,  6.2660633201E-01
  1620,  6.2660630071E-01
  1621,  6.2660626940E-01
  1622,  6.2660623810E-01
  1623,  6.2660620679E-01
  1624,  6.2660617549E-01
  1625,  6.2660614418E-01
  1626,  6.2660611288E-01
  1627,  6.2660608157E-01
  1628,  6.2660605027E-01
  1629,  6.2660601896E-01
  1630,  6.2660598766E-01
  1631,  6.2660595635E-01
  1632,  6.2660592505E-01
  1633,  6.2660589374E-01
  1634,  6.2660586244E-01
  1635,  6.2660583113E-01
  1636,  6.2660579983E-01
  1637,  6.2660576852E-01
  1638,  6.2660573722E-01
  1639,  6.2660570591E-01
  1640,  6.2660567461E-01
  1641,  6.2660564331E-01
  1642,  6.2660561200E-01
  1643,  6.2660558070E-01
  1644,  6.2660554939E-01
  1645,  6.2660551809E-01
  1646,  6.2660548678E-01
  1647,  6.2660545548E-01
  1648,  6.2660542417E-01
  1649,  6.2660539287E-01
  1650,  6.2660536156E-01
  1651,  6.2660533026E-01
  1652,  6.2660529896E-01
  1653,  6.2660526765E-01
  1654,  6.2660523635E-01
  1655,  6.2660520504E-01
  1656,  6.2660517374E-01
  1657,  6.2660514243E-01
  1658,  6.2660511113E-01
  1659,  6.2660507983E-01
  1660,  6.2660504852E-01
  1661,  6.2660501722E-01
  1662,  6.2660498591E-01
  1663,  6.2660495461E-01
  1664,  6.2660492330E-01
  1665,  6.2660489200E-01
  1666,  6.2660486070E-01
  1667,  6.2660482939E-01
  1668,  6.2660479809E-01
  1669,  6.2660476678E-01
  1670,  6.2660473548E-01
  1671,  6.2660470417E-01
  1672,  6.2660467287E-01
  1673,  6.2660464157E-01
  1674,  6.2660461026E-01
  1675,  6.2660457896E-01
  1676,  6.2660454765E-01
  1677,  6.2660451635E-01
  1678,  6.2660448505E-01
  1679,  6.2660445374E-01
  1680,  6.2660442244E-01
  1681,  6.2660439113E-01
  1682,  6.2660435983E-01
  1683,  6.2660432853E-01
  1684,  6.2660429722E-01
  1685,  6.2660426592E-01
  1686,  6.2660423462E-01
  1687,  6.2660420331E-01
  1688,  6.2660417201E-01
  1689,  6.2660414070E-01
  1690,  6.2660410940E-01
  1691,  6.2660407810E-01
  1692,  6.2660404679E-01
  1693,  6.2660401549E-01
  1694,  6.2660398419E-01
  1695,  6.2660395288E-01
  1696,  6.2660392158E-01
  1697,  6.2660389027E-01
  1698,  6.2660385897E-01
  1699,  6.2660382767E-01
  1700,  6.2660379636E-01
  1701,  6.2660376506E-01
  1702,  6.2660373376E-01
  1703,  6.2660370245E-01
  1704,  6.2660367115E-01
  1705,  6.2660363985E-01
  1706,  6.2660360854E-01
  1707,  6.2660357724E-01
  1708,  6.2660354593E-01
  1709,  6.2660351463E-01
  1710,  6.2660348333E-01
  1711,  6.2660345202E-01
  1712,  6.2660342072E-01
  1713,  6.2660338942E-01
  1714,  6.2660335811E-01
  1715,  6.2660332681E-01
  1716,  6.2660329551E-01
  1717,  6.2660326420E-01
  1718,  6.2660323290E-01
  1719,  6.2660320160E-01
  1720,  6.2660317029E-01
  1721,  6.2660313899E-01
  1722,  6.2660310769E-01
  1723,  6.2660307638E-01
  1724,  6.2660304508E-01
  1725,  6.2660301378E-01
  1726,  6.2660298248E-01
  1727,  6.2660295117E-01
  1728,  6.2660291987E-01
  1729,  6.2660288857E-01
  1730,  6.2660285726E-01
  1731,  6.2660282596E-01
  1732,  6.2660279466E-01
  1733,  6.2660276335E-01
  1734,  6.2660273205E-01
  1735,  6.2660270075E-01
  1736,  6.2660266944E-01
  1737,  6.2660263814E-01
  1738,  6.2660260684E-01
  1739,  6.2660257554E-01
  1740,  6.2660254423E-01
  1741,  6.2660251293E-01
  1742,  6.2660248163E-01
  1743,  6.2660245032E-01
  1744,  6.2660241902E-01
  1745,  6.2660238772E-01
  1746,  6.2660235642E-01
  1747,  6.2660232511E-01
  1748,  6.2660229381E-01
  1749,  6.2660226251E-01
  1750,  6.2660223120E-01
  1751,  6.2660219990E-01
  1752,  6.2660216860E-01
  1753,  6.2660213730E-01
  1754,  6.2660210599E-01
  1755,  6.2660207469E-01
  1756,  6.2660204339E-01
  1757,  6.2660201209E-01
  1758,  6.2660198078E-01
  1759,  6.2660194948E-01
  1760,  6.2660191818E-01
  1761,  6.2660188688E-01
  1762,  6.2660185557E-01
  1763,  6.2660182427E-01
  1764,  6.2660179297E-01
  1765,  6.2660176167E-01
  1766,  6.2660173036E-01
  1767,  6.2660169906E-01
  1768,  6.2660166776E-01
  1769,  6.2660163646E-01
  1770,  6.2660160515E-01
  1771,  6.2660157385E-01
  1772,  6.2660154255E-01
  1773,  6.2660151125E-01
  1774,  6.2660147994E-01
  1775,  6.2660144864E-01
  1776,  6.2660141734E-01
  1777,  6.2660138604E-01
  1778,  6.2660135473E-01
  1779,  6.2660132343E-01
  1780,  6.2660129213E-01
  1781,  6.2660126083E-01
  1782,  6.2660122953E-01
  1783,  6.2660119822E-01
  1784,  6.2660116692E-01
  1785,  6.2660113562E-01
  1786,  6.2660110432E-01
  1787,  6.2660107302E-01
  1788,  6.2660104171E-01
  1789,  6.2660101041E-01
  1790,  6.2660097911E-01
  1791,  6.2660094781E-01
  1792,  6.2660091650E-01
  1793,  6.2660088520E-01
  1794,  6.2660085390E-01
  1795,  6.2660082260E-01
  1796,  6.2660079130E-01
  1797,  6.2660076000E-01
  1798,  6.2660072869E-01
  1799,  6.2660069739E-01
  1800,  6.2660066609E-01
  1801,  6.2660063479E-01
  1802,  6.2660060349E-01
  1803,  6.2660057218E-01
  1804,  6.2660054088E-01
  1805,  6.2660050958E-01
  1806,  6.2660047828E-01
  1807,  6.2660044698E-01
  1808,  6.2660041567E-01
  1809,  6.2660038437E-01
  1810,  6.2660035307E-01
  1811,  6.2660032177E-01
  1812,  6.2660029047E-01
  1813,  6.2660025917E-01
  1814,  6.2660022786E-01
  1815,  6.2660019656E-01
  1816,  6.2660016526E-01
  1817,  6.2660013396E-01
  1818,  6.2660010266E-01
  1819,  6.2660007136E-01
  1820,  6.2660004006E-01
  1821,  6.2660000875E-01
  1822,  6.2659997745E-01
  1823,  6.2659994615E-01
  1824,  6.2659991485E-01
  1825,  6.2659988355E-01
  1826,  6.2659985225E-01
  1827,  6.2659982094E-01
  1828,  6.2659978964E-01
  1829,  6.2659975834E-01
  1830,  6.2659972704E-01
  1831,  6.2659969574E-01
  1832,  6.2659966444E-01
  1833,  6.2659963314E-01
  1834,  6.2659960184E-01
  1835,  6.2659957053E-01
  1836,  6.2659953923E-01
  1837,  6.2659950793E-01
  1838,  6.2659947663E-01
  1839,  6.2659944533E-01
  1840,  6.2659941403E-01
  1841,  6.2659938273E-01
  1842,  6.2659935143E-01
  1843,  6.2659932012E-01
  1844,  6.2659928882E-01
  1845,  6.2659925752E-01
  1846,  6.2659922622E-01
  1847,  6.2659919492E-01
  1848,  6.2659916362E-01
  1849,  6.2659913232E-01
  1850,  6.2659910102E-01
  1851,  6.2659906972E-01
  1852,  6.2659903841E-01
  1853,  6.2659900711E-01
  1854,  6.2659897581E-01
  1855,  6.2659894451E-01
  1856,  6.2659891321E-01
  1857,  6.2659888191E-01
  1858,  6.2659885061E-01
  1859,  6.2659881931E-01
  1860,  6.2659878801E-01
  1861,  6.2659875671E-01
  1862,  6.2659872541E-01
  1863,  6.2659869411E-01
  1864,  6.2659866280E-01
  1865,  6.2659863150E-01
  1866,  6.2659860020E-01
  1867,  6.2659856890E-01
  1868,  6.2659853760E-01
  1869,  6.2659850630E-01
  1870,  6.2659847500E-01
  1871,  6.2659844370E-01
  1872,  6.2659841240E-01
  1873,  6.2659838110E-01
  1874,  6.2659834980E-01
  1875,  6.2659831850E-01
  1876,  6.2659828720E-01
  1877,  6.2659825590E-01
  1878,  6.2659822459E-01
  1879,  6.2659819329E-01
  1880,  6.2659816199E-01
  1881,  6.2659813069E-01
  1882,  6.2659809939E-01
  1883,  6.2659806809E-01
  1884,  6.2659803679E-01
  1885,  6.2659800549E-01
  1886,  6.2659797419E-01
  1887,  6.2659794289E-01
  1888,  6.2659791159E-01
  1889,  6.2659788029E-01
  1890,  6.2659784899E-01
  1891,  6.2659781769E-01
  1892,  6.2659778639E-01
  1893,  6.2659775509E-01
  1894,  6.2659772379E-01
  1895,  6.2659769249E-01
  1896,  6.2659766119E-01
  1897,  6.2659762989E-01
  1898,  6.2659759859E-01
  1899,  6.2659756729E-01
  1900,  6.2659753599E-01
  1901,  6.2659750469E-01
  1902,  6.2659747339E-01
  1903,  6.2659744209E-01
  1904,  6.2659741079E-01
  1905,  6.2659737949E-01
  1906,  6.2659734819E-01
  1907,  6.2659731689E-01
  1908,  6.2659728559E-01
  1909,  6.2659725429E-01
  1910,  6.2659722299E-01
  1911,  6.2659719169E-01
  1912,  6.2659716039E-01
  1913,  6.2659712909E-01
  1914,  6.2659709779E-01
  1915,  6.2659706649E-01
  1916,  6.2659703519E-01
  1917,  6.2659700389E-01
  1918,  6.2659697259E-01
  1919,  6.2659694129E-01
  1920,  6.2659690999E-01
  1921,  6.2659687869E-01
  1922,  6.2659684739E-01
  1923,  6.2659681609E-01
  1924,  6.2659678479E-01
  1925,  6.2659675349E-01
  1926,  6.2659672219E-01
  1927,  6.2659669089E-01
  1928,  6.2659665959E-01
  1929,  6.2659662829E-01
  1930,  6.2659659699E-01
  1931,  6.2659656569E-01
  1932,  6.2659653439E-01
  1933,  6.2659650309E-01
  1934,  6.2659647179E-01
  1935,  6.2659644049E-01
  1936,  6.2659640919E-01
  1937,  6.2659637789E-01
  1938,  6.2659634659E-01
  1939,  6.2659631529E-01
  1940,  6.2659628399E-01
  1941,  6.2659625270E-01
  1942,  6.2659622140E-01
  1943,  6.2659619010E-01
  1944,  6.2659615880E-01
  1945,  6.2659612750E-01
  1946,  6.2659609620E-01
  1947,  6.2659606490E-01
  1948,  6.2659603360E-01
  1949,  6.2659600230E-01
  1950,  6.2659597100E-01
  1951,  6.2659593970E-01
  1952,  6.2659590840E-01
  1953,  6.2659587710E-01
  1954,  6.2659584580E-01
  1955,  6.2659581450E-01
  1956,  6.2659578321E-01
  1957,  6.2659575191E-01
  1958,  6.2659572061E-01
  1959,  6.2659568931E-01
  1960,  6.2659565801E-01
  1961,  6.2659562671E-01
  1962,  6.2659559541E-01
  1963,  6.2659556411E-01
  1964,  6.2659553281E-01
  1965,  6.2659550151E-01
  1966,  6.2659547021E-01
  1967,  6.2659543891E-01
  1968,  6.2659540762E-01
  1969,  6.2659537632E-01
  1970,  6.2659534502E-01
  1971,  6.2659531372E-01
  1972,  6.2659528242E-01
  1973,  6.2659525112E-01
  1974,  6.2659521982E-01
  1975,  6.2659518852E-01
  1976,  6.2659515722E-01
  1977,  6.2659512593E-01
  1978,  6.2659509463E-01
  1979,  6.2659506333E-01
  1980,  6.2659503203E-01
  1981,  6.2659500073E-01
  1982,  6.2659496943E-01
  1983,  6.2659493813E-01
  1984,  6.2659490683E-01
  1985,  6.2659487554E-01
  1986,  6.2659484424E-01
  1987,  6.2659481294E-01
  1988,  6.2659478164E-01
  1989,  6.2659475034E-01
  1990,  6.2659471904E-01
  1991,  6.2659468774E-01
  1992,  6.2659465645E-01
  1993,  6.2659462515E-01
  1994,  6.2659459385E-01
  1995,  6.2659456255E-01
  1996,  6.2659453125E-01
  1997,  6.2659449995E-01
  1998,  6.2659446865E-01
  1999,  6.2659443736E-01
  2000,  6.2659440606E-01
